icao,iata,name,callsign,country,active
710,"",BA101,"",United Kingdom,Y
???,??,Court Line,"",United Kingdom,N
AAZ,"",Angus Aviation,ANGUS,Canada,N
ABF,"",Aerial Oy,SKYWINGS,Finland,N
ABI,U1,Aviabus,"",Russia,Y
AEP,"",Aerotec,AEROTEC,Spain,N
AEW,VV,Aerosvit Airlines,AEROSVIT,Ukraine,Y
AFY,"",Africa Chartered Services,AFRICA CHARTERED,Nigeria,N
AFZ,"",Africa Freight Services,AFREIGHT,Zambia,N
AGX,"",Aviogenex,GENEX,Serbia,Y
AHH,"",Airplanes Holdings,AIRHOLD,Ireland,N
AHI,"",Servicios Aereos de Chihuahua Aerochisa,AEROCHISA,Mexico,N
AHR,"",Air Adriatic,ADRIATIC,Croatia,N
AKZ,"",AK Navigator LLC,ABSOLUTE,Kazakhstan,N
AMQ,"",Aeromedicare Ltd.,LIFELINE,United Kingdom,N
ANH,"",Alajnihah for Air Transport,ALAJNIHAH,Libya,N
AOK,"",Aeroatlantico Colombia,"",Colombia,N
AOR,"",Afro International Ent. Limited,INTER-AFRO,Nigeria,N
AOU,"",Air Tractor,AIR TRACTOR,Croatia,N
AOV,"",Aero Vision,AEROVISION,France,N
APF,"",Amapola Flyg AB,AMAPOLA,Sweden,N
AQN,"",Air Queensland,BUSHAIR,Australia,N
ATT,"",Aer Turas,AERTURAS,Ireland,N
ATW,"",Aero Trades (Western) Ltd.,AERO TRADES,Canada,N
AXV,"",Aviaxess,AXAVIA,France,N
AYS,"",Awsaj Aviation Services,"",Libya,N
AZU,AD,Azul,"",Brazil,Y
AZX,"",Air Max Africa,AZIMA,Gabon,N
BBE,"",Ababeel Aviation,BABEL AIR,Sudan,N
BBO,F7,Flybaboo,BABOO,Switzerland,Y
BDN,"",DERA Boscombe Down,GAUNTLET,United Kingdom,N
BEF,"",Balear Express,BALEAR EXPRESS,Spain,N
BFA,"",Presidence Du Faso,"",Burkina Faso,N
BHI,"",Balkh Airlines,SHARIF,Afghanistan,N
BHR,"",Bighorn Airways,BIGHORN AIR,United States,N
BHV,"",Specavia Air Company,AVIASPEC,Russia,N
BLC,"",Bellesavia,BELLESAVIA,Belarus,N
BLF,KF,Blue1,BLUEFIN,Finland,Y
BNV,"",Benane Aviation Corporation,BENANE,Mauritania,N
BPK,"",Berkhut ZK,VENERA,Kazakhstan,N
BPX,"",British Petroleum Exploration,"",Colombia,N
BYR,"",Berytos Airlines,"",Lebanon,N
BZD,"",Canadian Global Air Ambulance,BLIZZARD,Canada,N
CAG,"",China National Aviation Corporation,CHINA NATIONAL,China,N
CCA,CA,Air China,AIR CHINA,China,Y
CCF,"",CCF Manager Airline,TOMCAT,Germany,N
CCY,"",Cherry Air,CHERRY,United States,N
CDU,"",Aerotrans,"",Russia,N
CEL,"",CEIBA Intercontinental,CEIBA LINE,Equatorial Guinea,Y
CGV,"",Aero Clube Do Algarve,CLUBE ALGARVE,Portugal,N
CHD,"",223 Flight Unit State Airline,CHKALOVSK-AVIA,Russia,N
CHS,"",Challenge Aviation,CHALLENGE AVIATION,Australia,N
CIG,"",Sirius-Aero,SIRIUS AERO,Russia,N
CJR,"",Caverton Helicopters,CAVERTON AIR,Nigeria,N
CMX,"",El Caminante Taxi Aereo,EL CAMINANTE,Mexico,N
CNB,"",Cityline Hungary,CITYHUN,Hungary,N
CNN,10,Canadian World,Canadian,Canada,N
CNT,"",CNET,KNET,France,N
CPM,"",Compagnie Mauritanienne Des Transports,"",Mauritania,N
CPZ,CP,Compass Airlines,Compass Rose,United States,Y
CR7,C7,Sky Wing Pacific,"",South Korea,Y
CSD,"",Courier Services,DELIVERY,United States,N
CSH,FM,Shanghai Airlines,SHANGHAI AIR,China,Y
CSJ,"",Castle Aviation,CASTLE,United States,N
CST,BX,Coast Air,COAST CENTER,Norway,N
CUT,"",Court Helicopters,COURT AIR,South Africa,N
CWP,"",Australian Customs Service,COASTWATCH,Australia,N
DEE,"",Dixie Airways,TACAIR,United States,N
DEG,"",Air Service Groningen,DEGGER,Netherlands,N
DLI,"",Delta Express International,DELTA EXPRESS,Ukraine,N
DNR,"",Dynamair Aviation,DYNAMAIR,Canada,N
DRN,"",Central De Discos De Reynosa,DISCOS REYNOSA,Mexico,N
DST,"",Aex Air,DESERT,United States,N
DSV,"",Direct Aero Services,"",Romania,Y
EAK,"",Euro-Asia Air,EAKAZ,Kazakhstan,N
EBJ,"",European Business Jets,"",United Kingdom,N
EDJ,"",Edwards Jet Center of Montana,EDWARDS,United States,N
EDR,"",Lineas Aereas Eldorado,ELDORADRO,Colombia,N
EFG,"",Elifriulia,ELIFRIULIA,Italy,N
EGF,MQ,American Eagle Airlines,EAGLE FLIGHT,United States,Y
EMD,"",Eaglemed (Ballard Aviation),EAGLEMED,United States,N
EPB,"",Eastern Pacific Aviation,EAST PAC,Canada,N
ERK,"",Aerosec,AEROSEC,Chile,N
ESU,"",Aerolineas Ejecutivas Del Sureste,ALESUR,Mexico,N
ETC,"",ATTICO,TRANATTICO,Sudan,N
ETD,EY,Etihad Airways,ETIHAD,United Arab Emirates,Y
ETN,"",Chim-Nir Aviation,CHMINIR,Israel,N
EXT,"",Night Express,EXECUTIVE,Germany,N
EYE,"",F.S. Air Service,SOCKEYE,United States,N
EZA,"",Eznis Airways,EZNIS,Mongolia,Y
EZY,U2,easyJet,EASY,United Kingdom,Y
FEX,"",Flightexec,FLIGHTEXEC,Canada,N
FFI,"",Infinit Air,INFINIT,Spain,N
FFU,"",GEC Marconi Avionics,FERRANTI,United Kingdom,N
FFY,"",Fun Flying Thai Air Service,FUN FLYING,Thailand,N
FGC,"",Departmento De Agricultura De La Generalitat De Cataluna,FORESTALES,Spain,N
FGP,"",Flying-Research Aerogeophysical Center,FLYING CENTER,Russia,N
FI5,F5,Fly One,"",Moldova,Y
FIL,"",Fly Line,FLYLINE,Spain,N
FJE,"",Silverjet,ENVOY,United Kingdom,N
FLN,"",Flamingo Air-Line,ILIAS,Kazakhstan,N
FRJ,"",Afrijet Airlines,AFRIJET,Nigeria,N
FSC,HK,Four Star Aviation / Four Star Cargo,FOUR STAR,United States,N
FSR,"",Flightstar Corporation,FLIGHTSTAR,United States,N
FUN,"",Funtshi Aviation Service,FUNTSHI,Democratic Republic of the Congo,N
FXL,"",Fly Excellent,FLY EXCELLENT,Sweden,N
FYG,"",Flying Service,FLYING GROUP,Belgium,N
FZA,"",Fuzhou Airlines,"",China,Y
GAI,3R,Moskovia Airlines,GROMOV AIRLINE,Russia,Y
GBL,GT,GB Airways,GEEBEE AIRWAYS,United Kingdom,Y
GCC,"",GECAS,GECAS,Ireland,N
GDE,"",Servicios Aereos Gadel,GADEL,Mexico,N
GEG,"",Georgian Airlines,"",Georgia,N
GGS,"",GATSA,GATSA,Mexico,N
GGV,"",Houston Jet Services,GREGG AIR,Austria,N
GHT,"",Ghadames Air Transport,"",Libya,N
GIZ,"",Africa Airlines,AFRILENS,Guinea,N
GLD,"",Golden Star Air Cargo,GOLDEN STAR,Sudan,N
GLQ,"",El Quilada International Aviation,QUILADA,Sudan,N
GNJ,"",Gain Jet Aviation,HERCULES JET,Greece,N
GOB,"",Dash Aviation,PILGRIM,United Kingdom,N
GTA,E8,City Airways,CITY AIR,Thailand,Y
GUA,"",Aerotaxis de Aguascalientes,AGUASCALIENTES,Mexico,N
GZD,"",Grizodubova Air Company,GRIZODUBOVA AIR,Russia,N
HAK,"",Pegasus Helicopters,HELIFALCON,Norway,N
HAT,"",Air Taxi,TAXI BIRD,France,N
HCY,ZU,Helios Airways,HELIOS,Cyprus,N
HDA,KA,Dragonair, Hong Kong Dragon Airlines,DRAGON,Y
HHA,"",Atlantic Airlines de Honduras,ATLANTIC HONDURAS,Honduras,N
HIN,"",Holding International Group,HOLDING GROUP,Mexico,N
HJL,"",Hamlin Jet,BIZJET,United Kingdom,N
HOR,"",Horizon Air-Taxi,HORIZON,Switzerland,N
HRA,"",Heli-Iberica,ERICA,Spain,N
HTI,"",Haiti International Air,HAITI INTERNATIONAL,Haiti,N
HTN,"",Haiti North Airline,"",Haiti,N
HVN,VN,Vietnam Airlines,VIET NAM AIRLINES,Vietnam,Y
HYD,"",Hydro-Québec,HYDRO,Canada,N
IAF,"",Israeli Air Force,"",Israel,N
IBL,"",IBL Aviation,CATOVAIR,Mauritius,N
ICB,"",Icebird Airline,ICEBIRD,Iceland,N
ICD,"",Icaro,ICARO,Ecuador,N
ICP,"",Intercopters,CHOPER,Spain,N
IDR,"",Indicator Company,INDICATOR,Hungary,N
IFF,"",Interfreight Forwarding,INTERFREIGHT,Sudan,N
IIN,H4,Inter Islands Airlines,"",Cape Verde,N
IKR,"",Ikaros DK,IKAROS,Denmark,N
IPL,"",Airpull Aviation,IPULL,Spain,N
IRB,"",Iranair Tours,"",Iran,N
IRD,"",Arvand Airlines,ARVAND,Iran,N
IRF,"",TA-Air Airline,TA-AIR,Iran,N
IVR,"",Burundaiavia,RERUN,Kazakhstan,N
JAE,"",Jade Cargo International,JADE CARGO,China,N
JAW,"",Jamahiriya Airways,JAW,Libya,N
JEX,JC,JAL Express,JANEX,Japan,Y
JGN,"",Jagson Airlines,JAGSON,India,Y
JKK,JK,Spanair,SPANAIR,Spain,Y
JMC,"",JMC Airlines,JAYEMMSEE,United Kingdom,N
JSR,JX,Jusur airways,"",Egypt,Y
KAJ,"",Karthago Airlines,KARTHAGO,Tunisia,N
KAP,9K,Cape Air,CAIR,United States,Y
KDC,"",K D Air Corporation,KAY DEE,Canada,N
KHR,"",Khazar,KHAZAR,Turkmenistan,N
KLC,WA,KLM Cityhopper,CITY,Netherlands,Y
KNM,"",Komsomolsk-on-Amur Air Enterprise,KNAAPO,Russia,N
KOL,CQ,SOCHI AIR,SLOW FROG,Russia,Y
KOV,"",Orlan-2000,ORLAN,Kazakhstan,N
KYA,"",Alghanim,"",United States,Y
KZH,"",Zhez Air,"",Kazakhstan,N
KZR,KC,Air Astana,ASTANALINE,Kazakhstan,Y
KZS,"",Kazaviaspas,SPAKAZ,Kazakhstan,N
LCG,"",Lignes Aeriennes Congolaises,CONGOLAISE,Democratic Republic of the Congo,N
LIE,"",Al-Dawood Air,AL-DAWOOD AIR,Nigeria,N
LKL,"",Lakeland Aviation,LAKELAND,United States,N
LKR,"",Laker Airways,LAKER,United States,N
LKS,"",Airlink Solutions,AIRLIN,Spain,N
LLC,"",FlyLAL Charters,"",Lithuania,Y
LMA,"",Aerolima,AEROLIMA,Mexico,N
LTC,"",LatCharter,LATCHARTER,Latvia,Y
LTF,DV,Lufttaxi Fluggesellschaft,Garfield,Germany,N
LUC,"",Alninati Aeronautics,STEF,Switzerland,N
LXF,"",Lynx Air International,LYNX FLIGHT,United States,N
MAR,"",March Helicopters,MARCH,United Kingdom,N
MBE,"",Martin-Baker,MARTIN,United Kingdom,N
MCC,"",MCC Aviation,DISCOVERY,South Africa,N
MDC,"",Atlantic Aero and Mid-Atlantic Freight,NIGHT SHIP,United States,N
MDF,"",Mediterranean Air Freight,MED-FREIGHT,Greece,N
MDL,RI,Mandala Airlines,MANDALA,Indonesia,Y
MDY,"",Mediterranean Airways,"",Egypt,N
MEF,"",Air Meridan,EMPENNAGE,Nigeria,N
MGK,"",Mega,MEGLA,Kazakhstan,N
MHN,"",Manhattan Air,MANHATTAN,United Kingdom,N
MJX,4L,Euroline,GEO-LINE,Georgia,Y
MKH,"",Air Marrakech Service,AIR MARRAKECH,Morocco,N
MLD,9U,Air Moldova,AIR MOLDOVA,Moldova,Y
MLE,"",Moldaeroservice,MOLDAERO,Moldova,N
MOW,"",Mowhawk Airlines,MOHAWK AIR,United States,N
MRG,"",MANAG'AIR,MANAG'AIR,France,N
MRR,2G,San Juan Airlines,MARINER,United States,N
MWA,MY,Midwest Airlines (Egypt),"",Egypt,Y
MWS,"",Malta Wings,MALTA WINGS,Malta,N
MXD,OD,Malindo Air,Malindo,Malaysia,Y
MXU,"",Maximus Air Cargo,CARGO MAX,United Arab Emirates,N
N/A,-,Unknown,,,Y
NDA,"",Northern Airways,NORTHERN DAKOTA,United States,N
NDC,LF,FlyNordic,NORDIC,Sweden,Y
NDN,"",Transportes Aereos Cielos Andinos,ANDINOS,Peru,Y
NEB,"",State of Nebraska,NEBRASKA,United States,N
NEG,"",Linea Aerea de Fumig Aguas Negras,AGUAS NEGRAS,Chile,N
NGK,"",Oriental Air Bridge,ORIENTAL BRIDGE,Japan,N
NGR,"",Nigerian Air Force,NIGERIAN AIRFORCE,Nigeria,N
NHG,"",NHT Lineas Aereas,HELGA,Brazil,N
NKF,8N,Barents AirLink,NORDFLIGHT,Sweden,Y
NLH,DU,Norwegian Long Haul AS,NORSTAR,Norway,Y
NOF,"",Fonnafly,FONNA,Norway,N
NRV,"",North Vancouver Airlines,NORVAN,Canada,N
NSW,"",Country Connection Airlines,"",Australia,N
NTX,"",Northern Jet Management,NORTAX,United States,N
NXA,"",Air Next,BLUE-DOLPHIN,Japan,N
OAV,"",Omni - Aviacao e Tecnologia,OMNI,Portugal,N
OGJ,"",Bakoji Airlines Services,BAKO AIR,Nigeria,N
OKS,S0,Slok Air Gambia,SLOK GAMBIA,Gambia,N
OKT,"",Soko Aviation,SOKO AIR,Spain,N
OMG,"",Aeromega,OMEGA,United Kingdom,N
ORL,"",On Air Limited,ON AIR,Canada,N
OSW,"",JetAfrica Swaziland,BEVO,Swaziland,N
OTM,"",Onetime Airlines Zambia,ZEDTIME,Zambia,N
OVA,"",Aero Nova,AERONOVA,Spain,N
OYE,"",Koda International,KODA AIR,Nigeria,N
OZR,OZ,Ozark Air Lines,OZARK,United States,N
PAT,"",Priority Air Transport,PAT,United States,N
PAV,"",VIP Avia,NICOL,Kazakhstan,N
PBD,"",Pobeda,POBEDA,Russia,Y
PDC,BK,Potomac Air,DISTRICT,United States,Y
PEN,KS,Peninsula Airways,PENINSULA,United States,Y
PGA,NI,Portugalia,PORTUGALIA,Portugal,Y
PHI,"",Philips Aviation Services,PHILAIR,Netherlands,N
PMU,"",Premium Aviation,PREMIUM,Germany,N
PNW,PF,Palestinian Airlines,PALESTINIAN,Egypt,N
PRD,"",Presidential Aviation,PRESIDENTIAL,United States,N
PRE,"",Precision Airlines,PRECISION,United States,N
PSA,"",Pacific Island Aviation,PACIFIC ISLE,United States,Y
PSF,"",Plymouth School of Flying,LIZARD,United Kingdom,N
QAX,C3,QatXpress,"",Qatar,Y
R1R,1R,All America CL,"",Chile,Y
RBN,"",Red Baron Aviation,RED BARON,United States,N
REL,"",Reliance Aviation,RELIANCE AIR,United States,N
REN,"",Aero-Rent,AERORENT,Mexico,N
REX,"",Ram Air Freight,RAM EXPRESS,United States,N
RHC,8L,Redhill Aviation,REDAIR,United Kingdom,N
RHL,"",Air Archipels,ARCHIPELS,France,N
RKT,"",Rotormotion,ROCKET,United Kingdom,N
RME,"",Armenian Airlines,ARMENIAN,Armenia,N
RMU,"",C.S.P., Societe,AIR-MAUR,N
RSB,"",Rubystar,RUBYSTAR,Belarus,N
RUA,"",Rwanda Airlines,"",Rwanda,N
RUC,"",Rutas Aereas,RUTACA,Venezuela,N
RUD,"",Air Anastasia,ANASTASIA,Ukraine,N
RVI,"",Aero Servicios,AERO SERVICIOS,Mexico,N
RVM,"",River Ministries Air Charter,RIVER,South Africa,N
RWA,"",Rwanda Airways,"",Rwanda,N
RXR,RR,REXAIR VIRTUEL,Rexair,France,Y
RYB,"",Royal Bahrain Airlines,ROYAL BAHRAIN,Bahrain,N
RZZ,"",Anoka Air Charter,RED ZONE,United States,N
SAM,"",SAM Colombia,SAM,Colombia,N
SAS,SK,Scandinavian Airlines System,SCANDINAVIAN,Sweden,Y
SAU,"",United Aviation Services,UNISERVE,Spain,N
SBR,"",Saber Aviation,FREIGHTER,United States,N
SBX,"",North Star Air Cargo,SKY BOX,United States,N
SCT,"",SAAB-Aircraft,SAAB-CRAFT,Sweden,N
SCW,TF,Malmö Aviation,Scanwings,Sweden,Y
SDY,2S,Island Express,SANDY ISLE,United States,N
SEO,"",Selcon Airlines,SELCON AIR,Nigeria,N
SFB,"",Air Sofia,AIR SOFIA,Bulgaria,N
SFE,"",Sefofane Air Charters,SEFOFANE,South Africa,N
SGF,"",STAC Swiss Government Flights,STAC,Switzerland,N
SHC,"",Sky Harbor Air Service,SKY HARBOR CHEYENNE,United States,N
SKB,SX,Skybus Airlines,SKYBUS,United States,N
SKN,"",Skyline Aviation Services,SKYLINER,United States,N
SLA,LJ,Sierra National Airlines,SELAIR,Sierra Leone,N
SNL,"",Soonair Lines,SOONAIR,United States,N
SNO,"",Delta Air Charter,SNOWBALL,Canada,N
SQA,"",Slovak National Aeroclub,SLOVAK AEROCLUB,Slovakia,N
SRI,"",Air Safaris and Services,AIRSAFARI,New Zealand,N
SSQ,"",Sunstate Airlines,SUNSTATE,Australia,N
SST,"",Sunwest Airlines,SUNFLIGHT,Canada,N
STW,"",South West Air Corporation,SIERRA WHISKEY,Philippines,N
SVK,GM,Air Slovakia,SLOVAKIA,Slovakia,N
SWF,"",Galair International,GALAIR,United Kingdom,N
SWL,"",Trans Jet Airways,TRANSJET,Sweden,N
SWO,"",Surninam International Victory Airline,SIVA,Suriname,N
SZT,"",Servicios Aeronauticos Z,AERO ZEE,Mexico,N
TAM,JJ,TAM Brazilian Airlines,TAM,Brazil,Y
TBA,"",Transbrasil,TRANSBRASIL,Brazil,N
TCG,T2,Thai Air Cargo,THAI CARGO,Thailand,Y
TCX,MT,Thomas Cook Airlines,KESTREL,United Kingdom,Y
TER,"",Territorial Airlines,TERRI-AIRE,United States,N
TFO,"",Transportes Aereos del Pacifico,TRANSPORTES PACIFICO,Mexico,N
TGM,"",TAG Aviation Espana,TAG ESPANA,Spain,N
TJA,TJ,T.J. Air,T.J. Air,United States,Y
TKS,"",Tomsk-Avia,"",Russia,Y
TMH,"",Taxis Turisticos Marakame,TAXIMARAKAME,Mexico,N
TMM,"",TMC Airlines,WILLOW RUN,United States,N
TNC,"",National Aviation Consultants,NATCOM,Canada,N
TNO,"",Aerotransporte de Carga Union,AEROUNION,Mexico,N
TNY,"",Twin Town Leasing Company,TWINCAL,United States,N
TOL,TI,Tol-Air Services,TOL AIR,United States,N
TOY,"",Toyota Canada,TOYOTA,Canada,N
TPB,"",Aero Tropical,AERO TROPICAL,Angola,N
TPG,"",Transportes Aereos Pegaso,TRANSPEGASO,Mexico,N
TQS,"",Aeroturquesa,AEROTURQUESA,Mexico,N
TRA,HV,Transavia Holland,TRANSAVIA,Netherlands,Y
TRP,"",Maryland State Police,TROOPER,United States,N
TRW,"",Transwestern Airlines of Utah,TRANS-WEST,United States,N
TSO,UN,Transaero Airlines,TRANSOVIET,Russia,Y
TSY,"",Tristar Air,TRIPLE STAR,Egypt,N
TXO,"",Taxis Aereos de Sinaloa,TAXIS SINALOA,Mexico,N
UAK,"",Kiev Aviation Plant,AVIATION PLANT,Ukraine,N
UCO,"",Ucoaviacion,UCOAVIACION,Spain,N
UEJ,"",Jetcorp,JETCORP,United States,N
UIA,B7,Uni Air,Glory,Taiwan,Y
UJX,"",AtlasGlobal Ukraine,Atlas Ukraine,Ukraine,Y
UKA,"",Buzzaway Limited,UKAY,United Kingdom,N
UTG,"",UTAGE,UTAGE,Equatorial Guinea,N
UYC,UY,Cameroon Airlines,CAM-AIR,Cameroon,N
VAN,"",Caravan Air,CAMEL,Mauritania,N
VC9,9V,Volotea Costa Rica,"",Costa Rica,Y
VDO,"",Servicios Aereos Avandaro,AVANDARO,Mexico,N
VDR,"",Air Vardar,VARDAR,Macedonia,N
VGC,"",Vanguardia en Aviacion en Colima,VANGUARDIA COLIMA,Mexico,N
VI4,4S,Vuola Italia,"",Italy,Y
VLU,VF,Valuair,VALUAIR,Singapore,Y
VNA,"",Empresa Aviacion Interamericana,EBBA,Uruguay,N
VOG,"",Voyager Airlines,VOYAGER AIR,Bangladesh,N
VRL,"",Voar Lda,VOAR LINHAS,Angola,N
VSO,"",Voronezh Aircraft Manufacturing Society,VASO,Russia,N
VUR,"",Vuelos Internos Privados VIP,VIPEC,Ecuador,N
VUS,"",Vuela Bus,VUELA BUS,Mexico,N
WAT,"",Wings Air Transport,"",Sudan,N
WE1,W1,World Experience Airline,WEA,Canada,Y
WEX,"",Wings Express,WINGS EXPRESS,United States,N
WFO,"",Wilbur's Flight Operations,WILBURS,United States,N
WOK,"",Kovar Air,WOKAIR,Czech Republic,N
WSC,"",Westair Cargo Airlines,WESTCAR,Cote d'Ivoire,N
XAR,"",Travel Express Aviation Services,TRAVEL EXPRESS,Indonesia,N
XFS,"",American Flight Service Systems,"",United States,N
XJC,"",Xclusive Jet Charter Limited,EXCLUSIVE JET,United Kingdom,N
XPA,"",Pan Am Weather Systems,"",United States,N
XPR,"",Air-Rep,"",United States,N
XRA,"",Intensive Air,INTENSIVE,South Africa,N
XSA,"",Spectrum Air Service,"",United States,N
YOG,"",Central Aviation,YOGAN AIR,United States,N
ZAK,K8,Airlink Zambia,"",Zambia,N
--+,-+,U.S. Air,"",United States,Y
666,B0,Aws express,aws,United States,Y
8K8,88,All Australia,"",Australia,Y
AAX,"",Afric'air Express,AFREX,Ivory Coast,N
ABL,BX,Air Busan,Air Busan,Republic of Korea,Y
ABZ,"",ATA Brasil,ATA-BRAZIL,Brazil,N
ACI,SB,Air Caledonie International,AIRCALIN,France,Y
ACK,DV,Nantucket Airlines,ACK AIR,United States,N
ACN,"",Central American Airlines,AEROCENTRO,Nicaragua,N
ACV,"",Air Charter Service,"",United Kingdom,N
AEN,"",Aeroenlaces Nacionales,"",Mexico,N
AET,"",Aeronautical Radio of Thailand,AEROTHAI,Thailand,N
AGH,"",Altagna,ALTAGNA,France,N
AGY,"",Aero Flight Service,FLIGHT GROUP,United States,N
AHD,"",Czech Air Handling,AIRHANDLING,Czech Republic,N
AHO,HH,Air Hamburg (AHO),Air Hamburg,Germany,Y
AHY,J2,Azerbaijan Airlines,AZAL,Azerbaijan,Y
AII,"",Air Integra,INTEGRA,Canada,N
AIO,"",United States Air Force,AIR CHIEF,United States,Y
AJB,"",Aero JBR,AERO JBR,Mexico,N
AKN,"",Alkan Air,ALKAN AIR,Canada,N
ALM,"",Air ALM,ANTILLEAN,Netherlands Antilles,N
AMO,"",Air Montreal (Air Holdings Inc.),AIR MONTREAL,Canada,N
ANC,"",Anglo Cargo,ANGLO,United Kingdom,N
ANW,"",Aviacion Del Noroeste, S.A. de C.V.,AVINOR,N
AOM,IW,AOM French Airlines,French Lines,France,N
AOW,2Y,Air Andaman (2Y),AIR ANDAMAN,Thailand,N
ARG,AR,Aerolineas Argentinas,ARGENTINA,Argentina,Y
ARS,"",Aeromet Servicios,METSERVICE,Chile,N
ASN,"",Air and Sea Transport, ,Russia,N
ATM,FO,Airlines Of Tasmania,AIRTAS,Australia,Y
ATS,"",Air Transport Service,"",Democratic Republic of the Congo,N
AUT,AU,Austral Lineas Aereas,AUSTRAL,Argentina,Y
AVB,"",Aviation Beaufort,BEAUPAIR,United Kingdom,N
AVJ,"",Avia Traffic Company,ATOMIC,Kyrgyzstan,N
AVO,"",Aviation at Work,AVIATION WORK,South Africa,N
AWR,"",Arctic Wings And Rotors Ltd.,ARCTIC WINGS,Canada,N
AWV,"",Airwave Transport, Inc.,AIRWAVE,N
AXB,IX,Air India Express,EXPRESS INDIA,India,Y
AYU,"",Yuhi Air Lines,"",Japan,N
AZF,"",Air Zermatt AG,AIR ZERMATT,Switzerland,N
AZK,"",Azalhelikopter,AZALHELICOPTER,Azerbaijan,N
AZW,UM,Air Zimbabwe,AIR ZIMBABWE,Zimbabwe,Y
BA1,B1,Baltic Air lines,Baltic,Latvia,Y
BBB,VD,SwedJet Airways,BLACKBIRD,Sweden,N
BBR,S3,Santa Barbara Airlines,SANTA BARBARA,Venezuela,Y
BCN,"",Ocean Air,BLUE OCEAN,Mauritania,Y
BFL,J4,Buffalo Airways,BUFFALO,Canada,N
BFW,"",Bahrain Defence Force,SUMMAN,Bahrain,N
BIS,"",Irbis Air,IRBIS,Kazakhstan,N
BIZ,"",Bizjet Ltd,BIZZ,United Kingdom,N
BJC,"",Baltic Jet Aircompany,BALTIC JET,Latvia,N
BLB,"",Blue Bird Aviation,BLUEBIRD SUDAN,Sudan,N
BLR,"",Atlantic Coast Airlines,BLUE RIDGE,United States,N
BLW,"",Wermlandsflyg AB,BLUESTAR,Sweden,N
BOO,"",Bookajet Limited,BOOKAJET,United Kingdom,N
BOU,BO,Bouraq Indonesia Airlines,BOURAQ,Indonesia,N
BRG,8E,Bering Air,BERING AIR,United States,Y
BRV,K6,Bravo Air Congo,BRAVO,Democratic Republic of the Congo,N
BTK,"",Baltyka,BALTYKA,Ukraine,N
BUC,"",Bulgarian Air Charter,BULGARIAN CHARTER,Bulgaria,N
BUE,"",Orebro Aviation,BLUELIGHT,Sweden,N
BVV,"",Spark+ Joint-Stock Company,SPARK,Russia,N
CAI,"",Corendon Airlines,CORENDON,Turkey,Y
CAR,"",Inter RCA,QUEBEC ROMEO,Central African Republic,N
CDP,Q6,Aero Condor Peru,CONDOR-PERU,Peru,Y
CEY,"",Air Century,"",Dominican Republic,Y
CFG,DE,Condor Flugdienst,CONDOR,Germany,Y
CGW,"",Air Great Wall,CHANGCHENG,China,N
CHH,HU,Hainan Airlines,HAINAN,China,Y
CIC,"",ICC Canada,AIR TRADER,Canada,N
CIM,QI,Cimber Air,CIMBER,Denmark,Y
CIO,"",Il Ciocco International Travel Service,CIOCCO,Italy,N
CLN,"",Barnes Olsen Aeroleasing,SEELINE,United Kingdom,N
CLS,"",Challenge Air Transport,AIRISTO,Germany,N
CLU,"",Triple Alpha,CAROLUS,Germany,N
CLY,"",Clay Lacy Aviation,CLAY-LACY,United States,N
CML,"",Commander Air Charter,COMMANDAIR,Canada,N
CMM,"",Compagnie Aerienne du Mali,CAMALI,Mali,N
COO,"",Corporate Airlink,CORPORATE,Canada,N
COY,"",Coyne Aviation,COYNE AIR,United Kingdom,N
COZ,F5,Cosmic Air,COSMIC AIR,Nepal,N
CPF,"",ATS Private Company,TECHSERVICE,Ukraine,N
CPO,"",Corporate Aircraft Company,MOKAN,United States,N
CRP,"",Aerotransportes Corporativos,AEROTRANSCORP,Mexico,N
CSV,"",Coastal Travels,COASTAL TRAVEL,Tanzania,N
CTS,"",Center-South,CENTER-SOUTH,Russia,N
CTZ,"",CATA L,CATA,Argentina,N
CVG,"",Carill Aviation,CARILL,United Kingdom,N
CWD,"",Caernarfon Airworld,AMBASSADOR,United Kingdom,N
CXA,MF,Xiamen Airlines,XIAMEN AIR,China,Y
CYC,"",Cyprair Tours,CYPRAIR,Cyprus,N
CYN,"",Zhongyuan Aviation,ZHONGYUAN,China,N
CYP,CY,Cyprus Airways,CYPRUS,Cyprus,Y
CYT,"",Crystal Shamrock,CRYSTAL-AIR,United States,N
DAO,D3,Daallo Airlines,DALO AIRLINES,Djibouti,Y
DBJ,"",Duchess of Britany (Jersey) Limited,DUCHESS,United Kingdom,N
DES,"",Chilcotin Caribou Aviation,CHILCOTIN,Canada,N
DGX,"",Dasnair,DASNA,Switzerland,N
DHC,"",De Havilland,DEHAVILLAND,Canada,N
DLH,LH,Lufthansa,LUFTHANSA,Germany,Y
DNM,"",Denim Air,DENIM,Netherlands,Y
DSH,"",Dash Air Charter,DASH CHARTER,United States,N
EGY,"",Egyptian Air Force,"",Egypt,N
EIA,EZ,Evergreen International Airlines,EVERGREEN,United States,Y
EMB,"",Empresa Brasileira De Aeronautica,EMBRAER,Brazil,N
ERG,"",Avianergo,AVIANERGO,Russia,N
ERM,"",Aeromaan,EOMAAN,Mexico,N
ESF,E7,Estafeta Carga Aerea,"",Mexico,N
ETH,ET,Ethiopian Airlines,ETHIOPIAN,Ethiopia,Y
EUC,"",Eurocontrol,"",Belgium,N
EXL,CQ,Sunshine Express Airlines,"",Australia,N
EXU,"",Executive Airlines,SACAIR,Spain,N
EXX,"",International Air Corporation,EXPRESS INTERNATIONAL,United States,N
EZE,T3,Eastern Airways,EASTFLIGHT,United Kingdom,Y
FAM,"",Fumigacion Aerea Andaluza,FAASA,Spain,N
FAY,"",Fayban Air Services,FAYBAN AIR,Nigeria,N
FCU,"",Alfa 4,"",Mexico,N
FDA,"",African Airlines,AIR SANKORE,Mali,N
FDB,FZ,Fly Dubai,"",United Arab Emirates,Y
FEE,"",Fly Europa Limited,FLY EURO,United Kingdom,N
FFD,"",Stuttgarter Flugdienst,FIRST FLIGHT,Germany,N
FIF,OF,Air Finland,AIR FINLAND,Finland,Y
FNL,"",Oulun Tilauslento,FINN FLIGHT,Finland,N
FOP,"",Fokker,"",Netherlands,N
FOS,VY,Formosa Airlines,"",Taiwan,Y
FRM,"",Federal Armored Service,FEDARM,United States,N
FSU,"",Flight Support Sweden,"",Sweden,N
FTR,"",Finist'air,FINISTAIR,France,N
FWL,RF,Florida West International Airways,FLO WEST,United States,Y
FWZ,"",Flugwerkzeuge Aviation Software,"",Austria,N
FXA,"",Express Air,EFFEX,United States,N
FYE,"",Easy Link Aviation Services,FLYME,Nigeria,N
GAH,"",Ga-Ma Helicoptere,GAMHELICO,France,N
GAX,"",Full Express,GRAND AIRE,United States,N
GBT,"",Gold Belt Air Transport,GOLD BELT,Canada,N
GDQ,"",Lincoln Air National Guard,"",United States,N
GDR,GP,Gadair European Airlines,GADAIR,Spain,Y
GIH,"",Union des Transports Africains de Guinee,TRANSPORT AFRICAIN,Guinea,N
GIK,"",Seba Airlines,SEBA,Guinea,N
GIP,2U,Air Guinee Express,FUTURE EXPRESS,Guinea,Y
GLB,"",Air Castle Corporation / Global Airways,GLO-AIR,United States,N
GLJ,"",Global Jet Austria,GLOBAL AUSTRIA,Austria,N
GLR,"",Central Mountain Air,GLACIER,Canada,N
GNN,"",Georgian International Airlines,GEO-LINE,Georgia,Y
GRL,GL,Air Greenland,GREENLAND,Denmark,Y
GTR,"",Gestar,STAR GESTAR,Chile,N
GTX,"",GTA Air,BIG-DEE,United States,N
GWY,U5,USA3000 Airlines,GETAWAY,United States,Y
GXA,"",Grixona,GRIXONA,Moldova,N
HBT,"",Polizeihubschrauberstaffel Thuringen,HABICHT,Germany,N
HIB,"",Helibravo Aviacao,HELIBRAVO,Portugal,N
HIG,"",Heli-Inter Guyane,INTER GUYANNE,France,N
HKN,"",Jim Hankins Air Service,HANKINS,United States,N
HLH,"",Hala Air,HALA AIR,Sudan,N
HPA,HP,Pearl Airways,PEARL AIRWAYS,Haiti,N
HPO,"",Almiron Aviation,ALMIRON,Uganda,N
HRM,"",Hermes Airlines,HERMES,Greece,Y
HSA,S9,East African Safari Air,DUMA,Kenya,N
HUB,"",Hub Airlines,HUB,United States,N
HYA,"",Hyack Air,HYACK,Canada,N
HZL,"",Hazelton Airlines,HAZELTON,Australia,N
IAS,"",International Air Service,STARFLEET,United States,N
IBZ,6I,International Business Air,INTERBIZ,Sweden,N
ICL,5C,CAL Cargo Air Lines,CAL,Israel,Y
IDX,"",Indonesa Air Aisa X,Red Phoenix,Indonesia,Y
IFS,"",Italy First,RIVIERA,Italy,N
IJT,IJ,InteliJet Airways,INTELIJET,Colombia,N
IKK,"",IKI International Airlines,IKIAIR,Japan,N
ILK,"",Aero Airline,ILEK,Kazakhstan,N
ILY,IL,Fly Illi,"",United States,N
INT,"",Intair,INTAIRCO,Canada,N
ITA,"",Inter-Air,CAFEX,United States,N
ITH,"",International Trans-Air,INTRANS NIGERIA,Nigeria,N
ITO,"",Aero Citro,AERO CITRO,Mexico,N
IVE,"",Air Executive,COMPANY EXEC,Spain,N
IYE,IY,Yemenia,YEMENI,Yemen,Y
JAB,W9,Air Bagan,AIR BAGAN,Myanmar,Y
JAR,"",Airlink,AIRLINK,Austria,N
JCR,"",Rotterdam Jet Center,ROTTERDAM JETCENTER,Netherlands,N
JCT,"",Jet Charter,JET CHARTER,United States,N
JDC,"",Deere and Company,JOHN DEERE,United States,N
JEP,"",Jets Personales,JET PERSONALES,Spain,N
JJM,"",Regional Geodata Air,GEODATA,Spain,N
JNR,"",Jet Norte,JET NORTE,Mexico,N
JRF,"",First Air Transport,"",Japan,N
JRN,"",Jet Rent,JET RENT,Mexico,N
JSM,"",Jet Stream,JET STREAM,Moldova,N
JTE,"",National Jet Express,JETEX,Australia,N
JUC,"",Juba Cargo Services & Aviation Company,JUBA CARGO,Sudan,N
KAC,KU,Kuwait Airways,KUWAITI,Kuwait,Y
KBV,"",Kustbevakningen,SWECOAST,Sweden,N
KGO,ZC,Korongo Airlines,KORONGO,Congo (Kinshasa),Y
KHP,"",Khoezestan Photros Air Lines,PHOTROS AIR,Iran,N
KLE,"",Rusaero,"",Russia,N
KMP,E2,Kampuchea Airlines,KAMPUCHEA,Cambodia,N
KPH,"",Kazan Helicopters,KAMA,Russia,N
KWN,"",Kwena Air,KWENA,South Africa,N
KYB,"",Skybridge Airops,SKY AIROPS,Italy,N
KZU,GO,Kuzu Airlines Cargo,KUZU CARGO,Turkey,Y
LAH,"",L A Helicopter,STAR SHIP,United States,N
LCT,"",Compania De Actividades Y Servicios De Aviacion,STELLAIR,Spain,N
LER,8z,Linea Aerea de Servicio Ejecutivo Regional,LASER,Venezuela,N
LGN,"",Aerolaguna,AEROLAGUNA,Mexico,N
LLS,"",Servicios Aereos Estrella,SERVIESTRELLA,Mexico,N
LMC,"",Linea Aerea Mexicana de Carga,LINEAS DECARGA,Mexico,N
LMO,"",Sky Limo Corporation,SKY LIMO,United States,N
LNP,L7,Linea Aerea SAPSA,SAPSA,Chile,N
LOK,"",Alok Air,ALOK AIR,Sudan,N
LTD,"",Southern Airways Express,LIGHTSPEED,United States,Y
LZB,FB,Bulgaria Air,FLYING BULGARIA,Bulgaria,Y
LZR,"",Air Lazur,LAZUR BEE-GEE,Bulgaria,N
MAJ,"",Majestic Airlines,MAGIC AIR,United States,N
MAL,"",Morningstar Air Express,MORNINGSTAR,Canada,Y
MAN,"",Mannion Air Charter,MANNION,United States,N
MBA,"",Avag Air,AVAG AIR,Austria,N
MDW,JI,Midway Airlines,MIDWAY,United States,Y
MED,"",Ontario Ministry of Health,MEDICAL,Canada,N
MEJ,"",Medjet International,MEDJET,United States,N
MFR,"",Midline Air Freight,MIDLINE FREIGHT,United States,N
MJN,RS,Royal Air Force of Oman,MAJAN,Oman,N
MJP,"",Air Majoro,Air Majoro,Peru,Y
MLG,"",Malagasy Airlines,"",Madagascar,N
MNP,SM,Spirit of Manila Airlines,MANILA SKY,Philippines,Y
MRN,"",Missions Gouvernemtales Francaises,MARIANNE,France,N
MRS,Y8,Marusya Airways,snowball,Russia,Y
MSI,M9,Motor Sich,MOTOR SICH,Ukraine,Y
MSO,"",Aerol,MESO AMERICANAS,Mexico,N
MSS,"",Morris Air Service,WASATCH,United States,N
MTA,"",GAK/Mitchell Aero,GAK AVIATION,United States,N
MUI,"",Trans Air,MAUI,United States,N
MXQ,"",Transportes Aereos Mexiquenses,MEXIQUENSES,Mexico,N
MXX,"",Merchant Express Aviation,MERCHANT,Nigeria,N
N12,12,12 North,12N,India,Y
N77,N7,All Spain,"",Spain,Y
N99,N9,All Europe,"",United Kingdom,Y
NAU,"",Antanik-Air,ANTANIK,Ukraine,N
NCL,"",ACA-Ancargo Air Sociedade de Transporte de Carga Lda,ANCARGO AIR,Angola,N
NEA,EJ,New England Airlines,NEW ENGLAND,United States,Y
NHR,"",Nuevo Horizonte Internacional,NUEVO HORIZONTE,Mexico,N
NHZ,"",Nada Air Service,NADA AIR,Chad,N
NIC,"",Northern Illinois Commuter,ILLINOIS COMMUTER,United States,N
NTA,"",Northern Thunderbird Air,THUNDERBIRD,Canada,N
NTW,CE,Nationwide Airlines,NATIONWIDE,South Africa,Y
NVG,"",Novogorod Air Enterprise,SADKO AVIA,Russia,N
NWR,FY,Northwest Regional Airlines,"",Australia,N
OGN,QO,Origin Pacific Airways,ORIGIN,New Zealand,Y
OKJ,"",Okada Airlines,OKADA AIR,Nigeria,N
OLE,"",Operadora de Lineas Ejecutivas,OPERADORA,Mexico,N
OPT,"",Flight Options,OPTIONS,United States,N
ORM,"",Orel State Air Enterprise,ORPRISE,Russia,N
ORN,"",Orient Airways,ORIENT LINER,Pakistan,N
ORP,"",Aerocorp,CORPSA,Mexico,N
ORX,"",Orbit Express Airlines,OREX,Turkey,N
OSY,1L,Open Skies Consultative Commission,OPEN SKIES,United States,N
OTJ,X5,Fly Romania,TENDER AIR,Romania,Y
PAW,"",Pointair Burkina,POINTAIR BURKINA,Burkina Faso,N
PAZ,"",Point Afrique Niger,POINTAIR NIGER,Niger,N
PCG,"",Aeropostal Cargo de Mexico,POSTAL CARGO,Mexico,N
PCR,"",PAC Air,PACAIR,United States,N
PFI,"",Aerolineas Chihuahua,PACIFICO CHIHUAHUA,Mexico,N
PHS,"",Polizeihubschrauberstaffel Sachsen,PASSAT,Germany,N
PIA,PK,Pakistan International Airlines,PAKISTAN,Pakistan,Y
PMO,"",Polar Airlines de Mexico,POLAR MEXICO,Mexico,N
PNU,"",Aero Servicios Platinum,AERO PLATINUM,Mexico,N
PRL,"",Pearl Air,PEARL LINE,Pakistan,N
PRX,"",VIP Avia,PAREX,Latvia,N
PVA,"",Aerotransportes Privados,TRANSPRIVADO,Mexico,N
RAA,"",Rynes Aviation,RYNES AVIATION,United States,N
RAC,VJ,Royal Air Cambodge,"",Cambodia,Y
RAL,"",Roswell Airlines,ROSWELL,United States,N
RBC,"",Republicair,REPUBLICAIR,Mexico,N
RBE,"",Aur Rum Benin,RUM BENIN,Benin,N
RCA,"",Richland Aviation,RICHLAND,United States,N
RCG,"",Royal Air Cargo,ROYAL CARGO,South Africa,N
RCU,"",Atlantic S.L.,AIR COURIER,Spain,N
RDZ,"",Rodze Air,RODZE AIR,Nigeria,N
RFA,"",Raleigh Flying Service,RALEIGH SERVICE,United States,N
RFC,"",Aero Africa,AERO AFRICA,Swaziland,N
RGC,"",Servicios Aereos Regiomontanos,REGIOMONTANO,Mexico,N
RGO,"",Argo,ARGOS,Dominican Republic,N
RGY,"",Regency Airlines,REGENCY,United States,N
RIT,6K,Asian Spirit,ASIAN SPIRIT,Philippines,Y
RJT,"",RA Jet Aeroservicios,RA JET,Mexico,N
RLL,"",Air Leone,AEROLEONE,Sierra Leone,N
RMK,"",Simrik Airlines,"",Nepal,Y
ROE,"",Aeroeste,ESTE-BOLIVIA,Bolivia,N
ROJ,"",Royal Jet,ROYALJET,United Arab Emirates,N
RPO,RX,Rainbow Air Polynesia,Rainbow Air,United States,Y
RRM,"",Acvila Air-Romanian Carrier,AIR ROMANIA,Romania,N
RRR,"",Royal Air Force,ASCOT,United Kingdom,N
RSI,"",Air Sunshine,AIR SUNSHINE,United States,Y
RST,"",Resort Air,RESORT AIR,United States,N
RTM,"",Trans Am Compania,AERO TRANSAM,Ecuador,N
RUZ,"",Rusuertol,ROSTUERTOL,Russia,N
RWD,WB,Rwandair Express,RWANDAIR,Rwanda,Y
RYS,"",Royal Sky,ROYAL SKY,Thailand,N
RZV,"",Z-Avia,ZEDAVIA,Armenia,N
SAB,"",Sky Way Air,SKY WORKER,Kyrgyzstan,N
SBU,"",Saint Barth Commuter,BLACK FIN,France,N
SCE,"",Scenic Airlines,SCENIC,United States,Y
SEA,"",Southeast Air,SOUTHEAST AIR,United States,Y
SFS,"",Southern Frontier Air Transport,SOUTHERN FRONTIER,Canada,N
SGK,"",Skyward Aviation,SKYWARD,Canada,N
SHT,"",British Airways Shuttle,SHUTTLE,United Kingdom,N
SJL,"",Servicios Especiales Del Pacifico Jalisco,SERVICIOS JALISCO,Mexico,N
SJO,IJ,Spring Airlines Japan,"",Japan,Y
SLE,"",Streamline,SLIPSTREAM,South Africa,N
SLS,"",Servicios Aereos Slainte,SERVICIOS SLAINTE,Mexico,N
SLY,"",Sky Line for Air Services,SKYCO,Sudan,N
SMC,"",Sabang Merauke Raya Air Charter,SAMER,Indonesia,N
SMQ,"",Samar Air,SAMAR AIR,Tajikistan,N
SNI,"",Savanah Airlines,SAVANAHLINE,Nigeria,N
SNS,"",Societe Centrafricaine De Transport Aerien,"",Central African Republic,N
SOC,"",Southern Cargo Air Lines,"",Russia,N
SRC,"",Searca,SEARCA,Colombia,N
SRJ,"",C Air Jet Airlines,SYRJET,Syrian Arab Republic,N
SRP,"",Polizeihubschrafterstaffel Rheinland-Pfalz,SPERBER,Germany,N
SRU,"",Star Up,STAR-UP,Peru,N
SSW,"",Streamline Aviation,STREAMLINE,United Kingdom,N
SUV,"",Sundance Air,DANCEAIR,Venezuela,N
SUY,"",Aerial Surveys (1980) Limited,SURVEY,New Zealand,N
SWA,WN,Southwest Airlines,SOUTHWEST,United States,Y
SXT,"",Servicios De Taxi Aereo,SERTA,Mexico,N
SYL,R3,Aircompany Yakutia,AIR YAKUTIA,Russia,Y
TCD,"",Tchad Airlines,TCHADLINES,Chad,N
TDI,"",Transportes Aereos de Ixtlan,TRANSIXTLAN,Mexico,N
TDR,"",Trade Air,TRADEAIR,Croatia,N
TDV,"",Taxi Aero Nacional Del Evora,TAXI EVORA,Mexico,N
TET,"",Tepavia-Trans Airlines,TEPAVIA,Moldova,N
THB,"",Spark Air,THAI SABAI,Thailand,N
THZ,"",Trans Helicoptere Service,LYON HELIJET,France,N
TKR,"",Canadian Interagency Forest Fire Centre,TANKER,Canada,N
TKY,9I,Thai Sky Airlines,THAI SKY,Thailand,N
TLW,L9,Teamline Air,Teamline,Austria,N
TMD,"",Transmed Airlines,"",Egypt,N
TMG,GY,Tri-MG Intra Asia Airlines,TRILINES,Indonesia,N
TMK,"",Tomahawk Airways,TOMAHAWK,United States,N
TNS,"",Transilvania,"",Romania,Y
TOF,"",RAF Topcliffe Flying Training Unit,TOPCLIFFE,United Kingdom,N
TRF,"",Taxi Air Fret,TAXI JET,France,N
TRG,"",TRAGSA (Medios Aereos),"",Spain,N
TRL,"",Starlite Aviation,STARSTREAM,South Africa,N
TRS,FL,AirTran Airways,CITRUS,United States,Y
TSK,"",Trast Aero,TOMSK-AVIA,Kyrgyzstan,N
TSW,"",Transwings,SWISSTRANS,Switzerland,N
TTF,"",224th Flight Unit,CARGO UNIT,Russia,N
TVO,"",Transavio,TRANS-BALLERIO,Italy,N
TWA,TW,Trans World Airlines,TWA,United States,N
TXF,"",Aerotaxis Alfe,ALFE,Mexico,N
TXR,"",Taxirey,TAXIREY,Mexico,N
TXT,"",Texas Air Charters,TEXAS CHARTER,United States,N
TYG,"",Trygg-Flyg,TRYGG,Sweden,N
UAD,"",University Air Squadron,"",United Kingdom,N
UDC,5D,DonbassAero,DONBASS AERO,Ukraine,Y
UKZ,"",Fly Zoom,"",United Kingdom,N
UMA,"",Lineas Aereas del Humaya,HUMAYA,Mexico,N
UPL,"",Ukrainian Pilot School,PILOT SCHOOL,Ukraine,N
USC,"",US Check Airlines,STAR CHECK,United States,N
UVG,"",Universal Airlines,GUYANA JET,Guyana,N
VBD,"",V-Berd-Avia,VEEBIRD-AVIA,Armenia,N
VCN,"",Execujet Charter,AVCON,Switzerland,N
VEI,"",Virgin Express Ireland,GREEN ISLE,Ireland,N
VEJ,"",Aero Ejecutivos,VENEJECUTIV,Venezuela,N
VFC,"",Vasco Air,VASCO AIR,Vietnam,Y
VGV,"",Vologda State Air Enterprise,VOLOGDA AIR,Russia,N
VJM,"",Viajes Ejecutivos Mexicanos,VIAJES MEXICANOS,Mexico,N
VKJ,KT,VickJet,Vickjet,France,Y
VRN,RG,VRG Linhas Aereas,VARIG,Brazil,Y
VSG,"",Visig Operaciones Aereas,VISIG,Spain,N
VTX,"",Verataxis,VERATAXIS,Mexico,N
VVF,"",Dunyaya Bakis Hava Tasimaciligi,WORLDFOCUS,Turkey,N
VZA,"",ViznAir,Brian,United States,N
WBA,FC,Finncomm Airlines,WESTBIRD,Finland,Y
WDG,"",Ministry of Agriculture, Fisheries and Food,WATCHDOG,N
WDR,"",Air Net Private Charter,WIND RIDER,United States,N
WEL,"",Veles, Ukrainian Aviation Company,VELES,N
WLB,"",Wings of Lebanon Aviation,WING LEBANON,Lebanon,N
XGG,"",IMP Group Aviation Services,"",Canada,N
YEP,"",YES Airways,"",Poland,Y
A9B,1Y,All America BR,"",Brazil,Y
AAA,AN,Ansett Australia,ANSETT,Australia,Y
AAW,8U,Afriqiyah Airways,AFRIQIYAH,Libya,Y
ABG,"",Abakan-Avia,ABAKAN-AVIA,Russia,N
ACU,"",Air Cargo Transportation System,AFRISPIRIT,Kenya,N
ADB,"",Antonov Airlines,ANTONOV BUREAU,Ukraine,N
AEI,"",Aeroexpreso Interamericano,INTERAM,Colombia,N
AER,KO,Alaska Central Express,ACE AIR,United States,Y
AGM,"",Air Guam,AIR GUAM,United States,N
AGR,"",United States Department Of Agriculture,AGRICULTURE,United States,N
AJP,"",Aero Jets Corporativos,AEROJETS,Mexico,N
AJY,"",Ajet,AYJET,Cyprus,N
AKK,"",Aklak Air,AKLAK,Canada,N
ALR,"",Lineas Aereas Alaire S.L.,AEROLAIRE,Spain,N
AMV,"",AMC Airlines,"",Egypt,Y
AMZ,"",Amiya Airline,AMIYA AIR,Nigeria,N
ANL,"",Nacoia Lda,AIR NACOIA,Angola,N
AON,"",Aero Entreprise,AERO ENTERPRISE,France,N
APD,"",Sabre Pacific,"",Australia,N
APH,"",Alpha Aviation, Inc.,AIRFLIGHT,N
APU,"",Aeropuma, S.A.,AEROPUMA,N
ARO,"",Arrow Aviation Ltd.,ARROW,Canada,N
ARU,"",Aruba Airlines,"",Aruba,Y
ASH,YV,Mesa Airlines,AIR SHUTTLE,United States,Y
AST,"",Aerlineas Del Oeste,AEROESTE,Mexico,N
ATF,"",Compania Aerotecnicas Fotograficas,AEROTECNICAS,Spain,N
ATH,"",Air Travel Corp.,AIR TRAVEL,United States,N
AUL,5N,Aeroflot-Nord,DVINA,Russia,Y
AWD,"",Providence Aviation Services,"",Pakistan,N
AWI,ZW,Air Wisconsin,AIR WISCONSIN,United States,Y
AWN,"",Air Niamey,AIR NIAMEY,Niger,N
AYR,"",Flight Training Europe,CYGNET,Spain,N
AZG,"",Sakaviaservice,SAKSERVICE,Georgia,N
AZT,"",Azimut, S.A.,AZIMUT,N
BCR,"",British Charter,BACKER,United Kingdom,N
BEE,BE,Flybe,JERSEY,United Kingdom,Y
BGK,"",British Gulf International-Fez,GULF INTER,Kyrgyzstan,N
BHN,"",Bristow Helicopters Nigeria,BRISTOW HELICOPTERS,Nigeria,N
BIE,DR,Air Mediterranee,MEDITERRANEE,France,Y
BIG,"",Big Island Air,BIG ISLE,United States,N
BLZ,"",Aero Barloz,AEROLOZ,Mexico,N
BOS,"",OpenSkies,MISTRAL,United Kingdom,N
BRN,"",Branson Airlines,BRANSON,United States,N
BRQ,UZ,El-Buraq Air Transport,BURAQAIR,Libya,Y
BSB,"",Air Wings,ARBAS,Moldova,N
BSC,"",Bistair - Fez,BIG SHOT,Kyrgyzstan,N
BVU,"",Bellview Airlines, Sierra Leone,"",N
BZA,"",Bizair Fluggesellschaft,BERLIN BEAR,Germany,N
CAW,MN,Comair,COMMERCIAL,South Africa,Y
CBR,"",Cabair College of Air Training,CABAIR,United Kingdom,N
CCH,"",Chilchota Taxi Aereo,CHILCHOTA,Mexico,N
CCV,"",Centro De Helicopteros Corporativos,HELICORPORATIVO,Mexico,N
CDS,"",Spectrem Air,SPECDAS,South Africa,N
CDT,"",Real Aero Club de Reus-Costa Dorado,AEROREUS,Spain,N
CGC,"",Cal Gulf Aviation,CAL-GULF,Sao Tome and Principe,N
CGH,"",Guizhou Airlines,GUIZHOU,China,N
CGP,8L,Cargo Plus Aviation,"",United Arab Emirates,Y
CGX,"",United States Coast Guard Auxiliary,COASTGUARD AUXAIR,United States,N
CHN,"",Channel Island Aviation,CHANNEL,United States,N
CHR,"",Air Charter Services,ZAIRE CHARTER,Democratic Republic of the Congo,N
CIB,"",Condor,CONDOR BERLIN,Germany,N
CID,"",Asia Continental Airlines,ACID,Kazakhstan,N
CJE,"",Aeroservices Corporate,BIRD JET,France,N
CLV,"",Lom Praha Flying School,AEROTRAINING,Czech Republic,N
CMI,CS,Continental Micronesia,AIR MIKE,United States,Y
CND,"",Aero Continente Dominicana,CONDOMINICANA,Dominican Republic,N
CNW,WH,China Northwest Airlines,CHINA NORTHWEST,China,N
CNY,"",Central Airways,CENTRAL LEONE,Sierra Leone,N
CPS,"",Compass International Airways,COMPASS,United Kingdom,N
CRD,QC,Air Corridor,AIR CORRIDOR,Mozambique,N
CRE,"",Cree Airways,CREE AIR,Canada,N
CRH,"",CRI Helicopters Mexico,HELI-MEX,Mexico,N
CSU,S8,Chari Aviation Services,CHARI SERVICE,Chad,N
CSW,"",Worldwide Air Charter Systems,CHARTER SYSTEMS,Canada,N
CSZ,ZH,Shenzhen Airlines,SHENZHEN AIR,China,Y
CUA,HR,China United Airlines,LIANHANG,China,Y
CYA,"",Cheyenne Airways,CHEYENNE AIR,United States,N
DAH,AH,Air Algerie,AIR ALGERIE,Algeria,Y
DAL,DL,Delta Air Lines,DELTA,United States,Y
DCA,"",Dreamcatcher Airways,DREAM CATCHER,United Kingdom,N
DCT,"",Direct Flight,"",United Kingdom,N
DDA,"",D & D Aviation,DUSTY,United States,N
DEA,"",Delta Aerotaxi,JET SERVICE,Italy,Y
DIC,"",Aeromedica,AEROMEDICA,Mexico,N
DJU,"",Air Djibouti,AIR DJIB,Djibouti,N
DKY,"",Servicios Aereos Elite,DAKOY,Spain,N
DRC,"",Triton Airlines,TRITON AIR,Canada,N
DRK,KB,Druk Air,ROYAL BHUTAN,Bhutan,Y
DSU,"",Delta State University,DELTA STATE,United States,N
DVI,"",Aero Davinci International,AERO DAVINCI,Mexico,N
DXH,"",East Star Airlines,EAST STAR,China,N
ECD,"",Ecotour,ECOTOUR,Mexico,N
ECE,4F,Air City,AIRCITY,Germany,N
EFY,"",EasyFly,EASYFLY,Colombia,Y
EGR,"",Eagle Air,EAGLE SIERRA,Sierra Leone,N
ELJ,"",Delta Air Elite,ELITE JET,United States,N
EOL,"",Airailes,EOLE,France,N
EQC,"",Ecuatorial Cargo,ECUA-CARGO,Equatorial Guinea,N
ERR,7H,Era Alaska,ERAH,United States,Y
ETE,"",Aero Siete,AEROSIETE,Mexico,N
ETV,"",European Executive,EURO EXEC,United Kingdom,N
EUU,"",Euroamerican Air,EUROAMERICAN,Uruguay,N
EUV,ES,EuropeSky,EuropeSky,Germany,Y
EVC,"",Comfort Express Virtual Charters Albany,Comfort Express,United States,Y
EXJ,"",Executive Jet Charter,"",United Kingdom,N
FAO,"",Falcon Air Express,PANTHER,United States,N
FBL,F1,Fly Brasil,FBL,Brazil,Y
FBO,"",TAG Farnborough Airport,"",United Kingdom,N
FCA,DP,First Choice Airways,JETSET,United Kingdom,Y
FCR,"",Flying Carpet Company,FLYING CARPET,Lebanon,N
FEC,"",Denver Express,FALCON EXPRESS,United States,N
FHE,HW,Hello,FLYHELLO,Switzerland,Y
FLF,"",Friendship Airlines,FRIEND AIR,Uganda,N
FRA,"",FR Aviation,RUSHTON,United Kingdom,N
FSA,"",Foster Aviation,FOSTER-AIR,United States,N
FSH,"",Flash Airlines,FLASH,Egypt,N
FSW,F3,Faso Airways,FASO,Burkina Faso,N
FXC,"",Fortunair Canada,AIR FUTURE,Canada,N
FZW,"",Fly Africa Zimbabwe,Fresh Express,Zimbabwe,Y
GAP,2P,Air Philippines,ORIENT PACIFIC,Philippines,Y
GCN,"",Gulf Central Airlines,GULF CENTRAL,United States,N
GHP,"",Colvin Aviation,GRASSHOPPER EX,United States,N
GHY,"",German Sky Airlines,GERMAN SKY,Germany,N
GMT,"",Grupoaereo Monterrey,GRUPOMONTERREY,Mexico,N
GNF,G7,Gandalf Airlines,Gandalf,Italy,N
GNT,0A,Amber Air,GINTA,Lithuania,N
GRX,"",Aircompany Grodno,GRODNO,Belarus,N
HAG,H6,Hageland Aviation Services,HAGELAND,United States,Y
HCA,"",Lake Havasu Air Service,HAVASU,United States,N
HHE,"",Heli-Holland,HELI HOLLAND,Netherlands,N
HHN,HR,Hahn Air,ROOSTER,Germany,N
HHS,"",Hi-Jet Helicopter Services,HIJET,Suriname,N
HIF,"",Heli-Iberica Fotogrametria,HIFSA,Spain,N
HLA,"",HC Airlines,HEAVYLIFT,United Kingdom,N
HLM,"",Heli Medwest De Mexico,HELIMIDWEST,Mexico,N
HLW,"",Heliworks,HELIWORKS,Chile,N
HOZ,"",Horizontes Aereos,HORIZONTES AEREOS,Mexico,N
HQO,"",Avinor,"",Norway,N
HRI,"",Skyraidybos Mokymo Centras,HELIRIM,Lithuania,N
HSM,"",Horizon Air for Transport and Training,ALOFUKAIR,Libya,N
HSS,"",Compania Transportes Aereos Del Sur,TAS HELICOPTEROS,Spain,N
HTO,"",Tango Bravo,HELI TANGO,France,N
HUR,"",Miami Air Charter,HURRICANE CHARTER,United States,N
HWY,"",Highland Airways,HIWAY,United Kingdom,Y
HYC,"",Hydro Air Flight Operations,HYDRO CARGO,South Africa,N
IDG,"",IDG Technology Air,INDIGO,Czech Republic,N
IFA,"",FAI Airservice,RED ANGLE,Germany,N
IG1,G1,Indya Airline Group,Indya1,India,Y
IJA,"",International Jet Aviation Services,I-JET,United States,N
ILL,"",Ilyich-Avia,ILYICHAVIA,Ukraine,N
IMA,"",Inter-Mountain Airways,INTER-MOUNTAIN,United States,N
IRJ,"",Bonyad Airlines,BONYAD AIR,Iran,N
IRU,"",Chabahar Airlines,CHABAHAR,Iran,N
ISG,6P,Club Air,CLUBAIR,Italy,N
ISR,6H,Israir,ISRAIR,Israel,Y
ISW,IF,Islas Airways,PINTADERA,Spain,Y
ISX,IP,Island Spirit,"",Iceland,Y
ITS,"",Inter-State Aviation,INTER-STATE,United States,N
JCC,"",Jetcraft Aviation,JETCRAFT,Australia,N
JEE,"",Ambjek Air Services,AMBJEK AIR,Nigeria,N
JEI,"",Jet Executive International Charter,JET EXECUTIVE,Germany,N
JEJ,"",Jets Ejecutivos,MEXJETS,Mexico,N
JES,"",JS Aviation,JAY-ESS AVIATION,Mexico,N
JHN,"",Johnson Air,AIR JOHNSON,United States,N
JPO,"",Jetpro,JETPRO,Mexico,N
JTA,NU,Japan Transocean Air,JAI OCEAN,Japan,Y
JTO,NR,Jettor Airlines,JETHAPPY,Hong Kong,Y
JUA,"",Aero Juarez,JUAREZ,Mexico,N
KAO,"",Kazan Aviation Production Association,KAZAVAIA,Russia,N
KAT,"",Kato Airline,KATO-AIR,Norway,N
KEA,"",Korea Express Air,"",South Korea,Y
KGL,7K,Kogalymavia Air Company,KOGALYM,Russia,Y
KLD,"",Air Klaipeda,AIR KLAIPEDA,Lithuania,N
KMG,"",Kosmas Air,KOSMAS CARGO,Serbia,N
KNA,"",Knight Air,KNIGHTAIR,Canada,N
KOQ,K1,Kostromskie avialinii,"",Russia,Y
KOS,"",Kosova Airlines,KOSOVA,Serbia,N
KQA,KQ,Kenya Airways,KENYA,Kenya,Y
KRI,K9,Krylo Airlines,Krylo,Russia,N
KRM,"",Crimea Universal Avia,TRANS UNIVERSAL,Ukraine,N
KRP,V3,Carpatair,CARPATAIR,Romania,Y
KTS,"",Transair-Gyraintiee,KOTAIR,Russia,N
KVK,"",Olimp Air,PONTA,Kazakhstan,N
KVR,"",Alliance Avia,KAVAIR,Kazakhstan,N
LAC,"",Lockeed Aircraft Corporation,LOCKHEED,United States,N
LAY,"",Layang-Layang Aerospace,LAYANG,Malaysia,N
LCY,"",London City Airport Jet Centre,LONDON CITY,United Kingdom,N
LFP,"",Alfa Aerospace,ALFA-SPACE,Australia,N
LID,D4,Alidaunia,ALIDA,Italy,N
LJY,"",L J Aviation,ELJAY,United States,N
LKA,"",Lao Capricorn Air,NAKLOA,Lao Peoples Democratic Republic,N
LLO,"",Operation Enduring Freedom,APOLLO,Canada,N
LMS,"",Lomas Helicopters,LOMAS,United Kingdom,N
LMU,UJ,AlMasria Universal Airlines,ALMASRIA,Egypt,Y
LOP,"",Linton-on-Ouse Flying Training Unit,LINTON ON OUSE,United Kingdom,N
LSM,"",Aerobusinessservice,"",Russia,N
LUT,"",Luft Carago,LUGO,South Africa,N
LYX,"",Lynx Aviation,LYNX AIR,Pakistan,N
MAH,MA,Malév,MALEV,Hungary,Y
MAT,"",Maine Aviation,MAINE-AV,United States,N
MBI,"",Mountain Bird,MOUNTAIN BIRD,United States,N
MDO,D1,Domenican Airlines,Domenican,Dominican Republic,Y
MDV,2M,Moldavian Airlines,MOLDAVIAN,Moldova,Y
MEM,"",Meridian Limited,MERIDIAN CHERRY,Ukraine,N
MFA,"",Martyn Fiddler Associates,SEAHORSE,United Kingdom,N
MFZ,"",Mofaz Air,MOFAZ AIR,Malaysia,N
MGM,"",Transporte Aero MGM,AERO EMM-GEE-EMM,Mexico,N
MHL,"",Meridian Airlines,HASSIMAIR,Nigeria,N
MLI,"",Air Mali,AIR MALI,Mali,N
MLO,"",Servicios Aereos Milenio,MILENIO,Mexico,N
MMD,"",Air Alsie,MERMAID,Denmark,N
MMX,"",Airmax,PERUMAX,Peru,N
MMZ,"",EuroAtlantic Airways,EUROATLANTIC,Portugal,N
MNX,"",Manx Airlines,MANX,United Kingdom,N
MRO,"",Morrison Flying Service,MORRISON,United States,N
MRX,"",Herman's Markair Express,SPEEDMARK,United States,N
MSY,"",Massey University School of Aviation,MASSEY,New Zealand,N
MWR,"",Raslan Air Service,RASLAN,Egypt,N
MWY,"",Mauritanienne Airways,MAURITANIENNE,Mauritania,N
MXC,GJ,Compania Mexicargo,MEXICARGO,Mexico,N
MYP,"",Mann Yadanarpon Airlines,MANN ROYAL,Burma,Y
MYS,"",Aero Yaqui Mayo,AERO YAQUI,Mexico,N
NAN,"",National Airlines,NATION AIR,United States,N
NAP,"",Napier Air Service Inc,NAPIER,United States,N
NBL,"",Nobil Air,NOBIL AIR,Moldova,N
NCC,"",North Coast Air Services Ltd,NORTH COAST,Canada,N
NGO,"",Air-Angol,AIR ANGOL,Angola,N
NIS,"",Nicaraguense De Aviacion,NICA,Nicaragua,N
NKZ,"",Aerokuzbass,NOVOKUZNETSK,Russia,N
NRD,6N,Nordic Regional,NORTH RIDER,Sweden,N
NRK,"",Naturelink Charter,NATURELINK,South Africa,N
NRP,"",Aeronord-Grup,AERONORD,Moldova,N
NSP,"",Novosibirsk Aircraft Repairing Plant,NARPAIR,Russia,N
NWL,HW,North-Wright Airways,NORTHWRIGHT,Canada,N
NYB,"",Belgian Navy,BELGIAN NAVY,Belgium,N
NYL,"",Mid Airlines,NILE,Sudan,N
OAD,"",Orscom Tourist Installations Company,ORSCOM,Egypt,N
OFA,"",Helitaxi Ofavi,OFAVI,Mexico,N
OHY,8Q,Onur Air,ONUR AIR,Turkey,Y
OMF,"",Omniflys,OMNIFLYS,Mexico,N
OPA,"",Opal Air,"",Australia,N
ORR,"",Operadora Turistica Aurora,TURISTICA AURORA,Mexico,N
ORS,"",Action Air,AVIATION SERVICE,Italy,N
OSH,"",Osh Avia,OSH AVIA,Kyrgyzstan,N
OST,"",Airline Alania,ALANIA,Russia,N
OVE,"",Aeromover,AEROMOVER,Mexico,N
OVV,"",Orient Air,ORIENTSYR,Syrian Arab Republic,N
OZU,"",Hozu-Avia,HOZAVIA,Kazakhstan,N
PAB,"",Pacific Air Boats,AIR BOATS,Canada,N
PAL,PR,Philippine Airlines,PHILIPPINE,Philippines,Y
PBB,"",Polizeihubschrauberstaffel Brandenburg,ADEBAR,Germany,N
PCH,"",Pilatus Flugzeugwerke,PILATUS WINGS,Switzerland,N
PFA,"",Pacific Flight Services,PACIFIC SING,Singapore,N
PFS,"",Prairie Flying Service,PRAIRIE,United States,N
PKP,"",Mountain Air Express,PIKES PEAK,United States,N
PKW,"",Pak West Airlines,PLATINUM WEST,United States,N
PLA,"",Polynesian Air-Ways,POLYAIR,United States,N
PLR,J3,Northwestern Air,POLARIS,Canada,Y
PNY,"",Polish Navy,POLISH NAVY,Poland,N
PPA,"",Propheter Aviation,AIR PROP,United States,N
PRF,PW,Precision Air,PRECISION AIR,Tanzania,Y
PRH,"",Pro Air,PROHAWK,United States,N
PSH,"",Red Aviation,PASSION,United Kingdom,N
PTO,"",North West Geomatics,PHOTO,Canada,N
PYC,"",Aeropycsa,AEROPYCSA,Mexico,N
PZR,1I,Sky Trek International Airlines,PHAZER,United States,N
QAS,"",Quisqueya Airlines,QUISQUEYA,Haiti,N
QAT,"",Aero Taxi,AIR QUASAR,Canada,N
QCL,QD,Air Class Lineas Aereas,ACLA,Uruguay,N
RAJ,"",Raji Airlines,RAJI,Pakistan,N
RAP,"",Air Center Helicopters,RAPTOR,United States,N
RCX,"",Air Service Center,SERVICE CENTER,Italy,N
RDM,"",Air Ada,AIR ADA,Mauritania,N
REB,"",Rebus,REBUS,Bulgaria,N
REJ,"",SA Airlink Regional,REGIONAL LINK,South Africa,N
REP,P7,Regional Paraguaya,REGIOPAR,Paraguay,Y
RER,"",Servicio Aereo Regional Regair,REGAIR,Ecuador,N
REU,UU,Air Austral,REUNION,France,Y
ROF,"",Romanian Air Force,ROMAF,Romania,N
ROG,"",Fundació Rego,REGO,Spain,N
ROO,"",Aeroitalia,AEROITALIA,Italy,N
RSM,"",Air Somalia,AIR SOMALIA,Somali Republic,N
RSU,5L,Aerosur,AEROSUR,Bolivia,Y
RUE,RU,Rainbow Air Euro,Rainbow Air,United Kingdom,Y
SAH,"",Sayakhat Airlines,SAYAKHAT,Kazakhstan,N
SAZ,"",Swiss Air-Ambulance,SWISS AMBULANCE,Switzerland,N
SCC,"",Seacoast Airlines,SEA-COASTER,United States,N
SCH,AW,CHC Airways,"",Netherlands,N
SCP,"",Scorpio,SCORPIO,Egypt,N
SDJ,"",Club 328,SPACEJET,United Kingdom,N
SGN,"",Siam GA,SIAM,Thailand,N
SHP,"",Service Aerien Francais,SAF,France,N
SIL,"",Servicios Aeronauticos Integrales,SERVICIOS INTEGRALES,Mexico,N
SKT,"",Skystar Airways,SKY YOU,Thailand,N
SLM,PY,Surinam Airways,SURINAM,Suriname,Y
SLN,"",Sloane Aviation,SLOANE,United Kingdom,N
SMI,"",Aero Sami,SAMI,Mexico,N
SMJ,Z3,Avient Aviation,AVAVIA,Zimbabwe,Y
SML,"",Smith Air (1976),SMITH AIR,Canada,N
SOA,"",Southern Air Charter,"",Bahamas,Y
SOD,"",Aerolineas Sol,ALSOL,Mexico,N
SOI,"",Southern Aviation,SOAVAIR,Zambia,N
SPD,"",Airspeed Aviation,SPEEDLINE,Canada,N
SPO,"",Aeroservicios Ejecutivos Del Pacifico,EJECTUIV PACIFICO,Mexico,N
SSY,"",Sky Aviation,SIERRA SKY,Sierra Leone,N
STL,"",Stapleford Flight Centre,STAPLEFORD,United Kingdom,N
SUH,"",Sun Light,LIGHT AIR,Kyrgyzstan,N
SWE,"",Swedeways,SWEDELINE,Sweden,N
SWS,"",Sunwest Aviation (Lindquist Investment),SUNNY WEST,United States,N
TAH,"",Air Moorea,AIR MOOREA,France,Y
TBH,"",Trinity Air Bahamas,"",Bahamas,N
TBX,"",Tobago Express,TABEX,Trinidad and Tobago,N
TFL,OR,Arkefly,ARKEFLY,Netherlands,Y
TFU,"",213 Flight Unit,"",Russia,N
THD,"",611897 Alberta Limited,DONUT,Canada,N
TIR,"",Antair,ANTAIR,Mexico,N
TIW,"",Transcarga Intl Airways,TIACA,Venezuela,N
TLY,"",Top-Fly,TOPFLY,Spain,N
TNL,"",Tengeriyn Ulaach Shine,SKY HORSE,Mongolia,N
TNM,3P,Tiara Air,TIARA,Aruba,Y
TOR,"",Toronto Airways,TORONTAIR,Canada,N
TOX,"",Neosiam Airways,SKY KINGDOM,Thailand,N
TPD,"",Top Speed,TOP SPEED,Austria,N
TPK,"",Air Horizon,TCHAD-HORIZON,Chad,N
TQF,"",United Kingdom Royal VIP Flights,RAINBOW,United Kingdom,N
TRU,"",Triangle Airline (Uganda),TRI AIR,Uganda,N
TTA,"",TTA - Sociedade de Transporte e Trabalho Aereo,KANIMANBO,Mozambique,N
TTE,"",Avcenter,TETON,United States,N
TTM,"",Societe Tout Tranport Mauritanien,TOUT-AIR,Mauritania,N
TTZ,"",Transair,"",Canada,Y
TVA,"",Trans America Airlines,TRANS-AMERICA,United States,N
TVH,"",Trabajos Aereos Vascongados,TRAVASA,Spain,N
TVL,"",Travel Service,TRAVEL SERVICE,Hungary,N
TYW,"",Tyrol Air Ambulance,TYROL AMBULANCE,Austria,N
UGP,"",Shar Ink,SHARINK,Russia,N
UNF,"",Union Flights,UNION FLIGHTS,United States,N
USJ,"",US Jet,USJET,United States,N
VAP,9R,Phuket Air,PHUKET AIR,Thailand,N
VAT,"",Visionair,VISIONAIR,Ireland,N
VCH,"",Consorcio Helitec,CONSORCIO HELITEC,Venezuela,N
VIV,"",Aeroenlaces Nacionales,AEROENLACES,Mexico,N
VJA,J7,ValueJet,CRITTER,United States,N
VTE,"",Corporate Flight Management,VOLUNTEER,United States,N
VUN,VU,Air Ivoire,AIRIVOIRE,Ivory Coast,Y
WAS,"",Walsten Air Services,WALSTEN,Canada,N
WEB,WJ,WebJet Linhas A,WEB-BRASIL,Brazil,Y
WES,"",Western Express Air Lines,WEST EX,Canada,N
WIT,"",Wittering FTU,STRIKER,United Kingdom,N
WNA,"",Winair,WINAIR,United States,N
WPK,"",Air-Lift Associates,WOLFPACK,United States,N
WSA,"",Westgates Airlines,WESTATES,United States,N
WTJ,"",Whitejets,WHITEJET,Brazil,Y
XAA,"",Aeronautical Radio Inc,"",United States,N
XMS,"",British Airways,SANTA,United Kingdom,N
XNS,"",Navtech System Support,"",Canada,N
XPL,"",Express Line Aircompany,EXPRESSLINE,United States,N
YRG,"",Air Yugoslavia,YUGAIR,Serbia,N
ZYZ,XP,Caribbean Wings,caribbean Wings,Turks and Caicos Islands,N
ZZZ,ZP,Zabaykalskii Airlines,Lakeair,Russia,Y
3FF,3F,Fly Colombia ( Interliging Flights ),"",Colombia,Y
7ZC,0Y,All America CO,"",Colombia,Y
??!,??,British Air Ferries,"",United Kingdom,N
ABY,G9,Air Arabia,ARABIA,United Arab Emirates,Y
ACA,AC,Air Canada,AIR CANADA,Canada,Y
ACP,8V,Astral Aviation,ASTRAL CARGO,Kenya,Y
ACX,"",Air Charters,PARAIR,Canada,N
ADG,"",Aerea Flying Training Organization,AEREA TRAINING,Spain,N
AEG,"",Aerofumigaciones Sam,FUMIGACIONES SAM,Chile,N
AFI,"",Africaone,AFRICAWORLD,Uganda,N
AFJ,"",Alliance,JAMBO,Uganda,N
AGC,"",Arab Agricultural Aviation Company,AGRICO,Egypt,N
AGN,GN,Air Gabon,GOLF NOVEMBER,Gabon,N
AIR,"",Airlift International,AIRLIFT,United States,Y
AJX,NQ,Air Japan,AIR JAPAN,Japan,Y
AKC,"",Arca Aerovias Colombianas Ltda.,ARCA,Colombia,N
AKH,"",Akhal,AKHAL,Turkmenistan,N
ALY,"",Alyeska Air Service,ALYESKA,United States,N
AMD,"",Aerolineas Medellin,AEROLINEAS MEDELLIN,Colombia,N
AME,"",Spanish Air Force,AIRMIL,Spain,N
AML,QM,Air Malawi,MALAWI,Malawi,Y
AOD,"",Aero Vodochody,AERO CZECH,Czech Republic,N
AOL,"",Angkor Airlines,ANGKOR AIR,Cambodia,N
APA,"",Air Park Aviation Ltd.,CAN-AM,Canada,N
ARI,"",Aero Vics,AEROVICS,Mexico,N
ARK,"",Aero Link Air Services S.L.,LINK SERVICE,Spain,N
ASF,"",Air Schefferville, Inc.,SCHEFF,N
ASG,"",African Star Airways (PTY) Ltd.,AFRICAN STAR,South Africa,N
ATA,"",Air Transport Association,"",United States,N
AUO,"",Empresa (Aero Uruguay), S.A.,UNIFORM OSCAR,N
AVS,"",Avialsa T-35,AVIALSA,Spain,N
AZZ,"",Azza Transport,AZZA TRANSPORT,Sudan,N
BAM,"",Business Air Services,BUSINESS AIR,Canada,N
BCF,B4,BACH Flugbetriebsges,BACH,Austria,N
BCK,"",Priority Aviation Company,BANKCHECK,United States,N
BDF,"",Bissau Discovery Flying Club,BISSAU DISCOVERY,Guinea-Bissau,N
BFG,"",Bear Flight,BEARFLIGHT,Sweden,N
BFR,"",Burkina Airlines,BURKLINES,Burkina Faso,N
BGL,A8,Benin Golf Air,BENIN GOLF,Benin,N
BMX,"",Banco de Mexico,BANXICO,Mexico,N
BRD,"",Brock Air Services,BROCK AIR,Canada,N
BTA,XE,ExpressJet,JET LINK,United States,Y
BZF,"",Jet Aviation Business Jets,BIZFLEET,United States,N
CAH,"",Charlan Air Charter,CHARLAN,South Africa,N
CAJ,"",Air Caraibes Atlantique,CAR LINE,France,N
CBD,"",Lockheed Martin Aeronautics,CATBIRD,United States,N
CDV,"",Airline Skol,SKOL,Russia,N
CDY,"",Heliaviation Limited,CADDY,United Kingdom,N
CED,"",CEDTA (Compania Ecuatoriana De Transportes Aereos),CEDTA,Ecuador,N
CFD,"",Cranfield University,AERONAUT,United Kingdom,N
CFT,"",Jet Freighters,CASPER FREIGHT,United States,N
CGE,"",Nelson Aviation College,COLLEGE,New Zealand,N
CGM,"",Cargoman,HOTEL CHARLIE,Oman,N
CGY,"",Corporacion Paraguaya De Aeronautica,"",Paraguay,N
CHI,"",Cougar Helicopters,COUGAR,Canada,N
CKL,"",Aviation Charter Services,CIRCLE CITY,United States,N
CLA,"",Comlux Aviation,COMLUX,Switzerland,N
CLK,"",Clark Aviation,CLARKAIR,United States,N
COW,"",Cowi,COWI,Netherlands,N
CPG,"",Corporacion Aeroangeles,CORPORANG,Mexico,N
CTQ,"",CTK Network Aviation,CITYLINK,Ghana,N
CTT,"",Custom Air Transport,CATT,United States,N
CVF,"",Dassault Falcon Jet Corporation,CLOVERLEAF,United States,N
CYZ,8Y,China Postal Airlines,CHINA POST,China,N
DAB,"",Dassault Aviation,"",France,N
DAT,SN,Brussels Airlines,BEE-LINE,Belgium,Y
DGO,"",DGO Jet,DGO JET,Mexico,N
DHI,KI,Adam Air,ADAM SKY,Indonesia,Y
DJS,"",DayJet,DAYJET,United States,N
DKA,"",Daka,"",Kazakhstan,N
DLR,"",Dala Air Services,DALA AIR,Nigeria,N
DMO,E3,Domodedovo Airlines,DOMODEDOVO,Russia,Y
DPL,"",Dome Petroleum,DOME,Canada,N
DRY,"",Deraya Air Taxi,DERAYA,Indonesia,N
DSL,"",Meridian Aviation,DIESEL,United Kingdom,N
DSO,"",Dassault Falcon Service,DASSAULT,France,N
EAA,"",Eastok Avia,"",Kyrgyzstan,Y
EAR,"",Transporte Ejecutivo Aereo,EJECUTIVO-AEREO,Mexico,N
ECL,"",Aeronautica Castellana,AERO CASTELLANA,Spain,N
ECX,"",Ecomex Air Cargo,AIR ECOMEX,Angola,N
EDC,"",Edinburgh Air Charter,SALTIRE,United Kingdom,N
EHD,"",E H Darby Aviation,PLATINUM AIR,United States,N
ELG,E8,Alpi Eagles,ALPI EAGLES,Italy,N
ELX,"",Elan Express,ELAN,United States,N
EMA,"",Egyptian Aviation Company,"",Egypt,N
EME,"",Eastern Metro Express,EMAIR,United States,N
EMR,"",Zenmour Airlines,ZENMOUR,Mauritania,N
ENK,G8,Enkor JSC,ENKOR,Russia]],N
EOS,"",Eliossola,ELIOSSOLA,Italy,N
FAG,"",Argentine Air Force,FUAER,Argentina,N
FFT,F9,Frontier Airlines,FRONTIER FLIGHT,United States,Y
FJC,"",Falcon Jet Centre,FALCONJET,United Kingdom,N
FLD,"",Air Falcon,"",Pakistan,N
FNC,4S,Finalair Congo,FINALAIR CONGO,Republic of the Congo,N
FNM,"",Avio Nord,"",Italy,N
FOX,FX,FOX Linhas Aereas,"",Brazil,Y
FPA,"",Flygprestanda,"",Sweden,N
FPT,PO,FlyPortugal,FlyPortugal,Portugal,Y
FSD,"",EFS-Flugservice,FLUGSERVICE,Germany,N
FWY,"",Fairways Corporation,FAIRWAYS,United States,N
GA0,0G,Global Airlines,"",Argentina,Y
GAF,"",German Air Force,GERMAN AIR FORCE,Germany,N
GAG,"",Global Air Operations,GLOBAL AIRGROUP,Comoros,N
GAL,7O,Galaxy Air,GALAXY,Kyrgyzstan,N
GAO,DC,Golden Air,GOLDEN,Sweden,Y
GCR,"",Tianjin Airlines,"",China,Y
GED,"",Europe Air Lines,LANGUEDOC,France,N
GFO,"",Aerovias del Golfo,AEROVIAS GOLFO,Mexico,N
GIB,"",GR-Avia,GRAVIA,Guinea,N
GLW,"",Global Wings,"",Japan,N
GMM,"",Aerotaxis Guamuchil,AEROGUAMUCHIL,Mexico,N
GNR,GC,Gambia International Airlines,GAMBIA INTERNATIONAL,Gambia,N
GSK,"",Global Sky Aircharter,GLOBAL SKY,United States,N
GSS,"",Global Supply Systems,JET LIFT,United Kingdom,N
GTV,"",Empresa de Aviacion Aerogaviota,GAVIOTA,Cuba,N
GU1,GU,Gulisano airways,"",Italy,N
GUS,"",Guja,GUJA,Mexico,N
GXY,"",Galaxy Airlines,GALAX,Japan,N
HLD,"",Grampian Flight Centre,GRANITE,United Kingdom,N
HLG,"",Helog,HELOG,Switzerland,N
HMT,"",Air Nova,HAMILTON,Canada,N
HMX,"",Hawk De Mexico,HAWK MEXICO,Mexico,N
HRZ,"",Croatian Air Force,CROATIAN AIRFORCE,Croatia,N
HSI,"",Heliswiss,HELISWISS,Switzerland,N
HSK,"",Sky Europe Airlines,MATRA,Slovakia,Y
HTA,"",Helitrans,SCANBIRD,Norway,N
HTC,"",Haiti Trans Air,HAITI TRANSAIR,Haiti,N
HUD,"",Horizons Unlimited,HUD,United States,N
HVY,HN,Heavylift Cargo Airlines,HEAVY CARGO,Australia,N
HXA,"",China Express Airlines,CHINA EXPRESS,China,N
HYR,"",Airlink Airways,HIGHFLYER,Ireland,N
IBU,I9,Indigo,INDIGO BLUE,United States,Y
ICM,"",Air Inter Cameroun,INTER-CAMEROUN,Cameroon,N
IFC,"",Indian Air Force,INDIAN AIRFORCE,India,N
ILW,IL,Illinois Airways,"",United States,N
IPM,"",IPM Europe,SHIPEX,United Kingdom,N
IRI,"",Navid,NAVID,Iran,N
ISF,"",International Sabilisation Assistance Force,"",United Kingdom,N
ISV,WC,Islena De Inversiones,"",Honduras,Y
ITE,"",Aerotaxi,AEROTAXI,Czech Republic,N
ITK,ID,Interlink Airlines,INTERLINK,South Africa,Y
IXO,"",OCEAN AIR CARGO,"",India,Y
JAD,"",Aerojal,AEROJAL,Mexico,N
JAS,JD,Japan Air System,Air System,Japan,Y
JCH,"",Trading Air Cargo,TRADING CARGO,Mauritania,N
JCM,"",Secure Air Charter,SECUREAIR,United States,N
JCS,0J,Jetclub,JETCLUB,Switzerland,N
JEF,"",Jetflite,JETFLITE,Finland,Y
JLJ,"",J-Air,J AIR,Japan,N
JOS,L3,DHL de Guatemala,"",Guatemala,N
JPA,"",OSACOM,J-PAT,United States,N
JSV,"",Japan Aircraft Service,"",Japan,N
KAR,"",Kar-Air,"",Finland,N
KHC,"",Kitty Hawk Airways,CARGO HAWK,United States,N
KHK,KH,Kharkiv Airlines,"",Ukraine,Y
KHO,"",Khors Aircompany,AIRCOMPANY KHORS,Ukraine,N
KLH,"",KLM Helicopter,KLM HELI,Netherlands,N
KLS,"",Kal Star Aviation,"",Indonesia,Y
KLX,"",Kelix Air,KELIX,Nigeria,N
KMI,"",K-Mile Air,KAY-MILE AIR,Thailand,N
KTB,"",Transaviabaltika,TRANSBALTIKA,Lithuania,N
KUH,"",Kush Air,"",South Sudan,Y
LAT,"",Lebanese Air Transport (Charter),LEBANESE AIR,Lebanon,N
LBH,"",Laker Airways (Bahamas),LAKER BAHAMAS,United States,N
LFR,"",Atlantic Airfreight Aviation,LANFREIGHT,Sao Tome and Principe,N
LIO,"",LÍO Flugmennt,"",Iceland,N
LML,"",Alamia Air,ALAMIA AIR,Libya,N
LMR,"",Lamra,LAMAIR,Sudan,N
LRD,"",Laredo Air,LAREDO AIR,United States,N
LSA,"",LANSA,INTERNACIONAL,Dominican Republic,N
LTL,"",Benin Littoral Airways,LITTORAL,Benin,N
LYC,L2,Lynden Air Cargo,LYNDEN,United States,N
LYD,"",Lydd Air,LYDDAIR,United Kingdom,N
LYT,"",Apatas Air,APATAS,Lithuania,N
LYW,"",Libyan Airlines,LIBYAN AIRWAYS,Libya,N
M1F,M1,Maryland Air,Maryland Flight,United States,Y
MAM,"",Aerodromo De La Mancha,AEROMAN,Spain,N
MAU,MK,Air Mauritius,AIRMAURITIUS,Mauritius,Y
MCN,"",Mac Dan Aviation Corporation,MAC DAN,United States,N
MCX,"",Cargo Express,MAURICARGO,Mauritania,N
MHU,"",Air Memphis,MEPHIS UGANDA,Uganda,N
MJM,"",Eti 2000,ELCO ETI,Italy,N
MJT,"",Mex-Jet,MEJETS,Mexico,N
MKD,6F,MAT Airways,"",Macedonia,Y
MMS,"",SAAD (A320) Limited,MUSAAD AIR,Cayman Islands,N
MNB,MB,MNG Airlines,BLACK SEA,Turkey,Y
MPE,5T,Canadian North,EMPRESS,Canada,Y
MTH,"",Massachusetts Institute of Technology,RESEARCH,United States,N
MTS,"",Mantrust Asahi Airways,MANTRUST,Indonesia,N
MYA,"",Myflug,MYFLUG,Iceland,Y
NCO,"",Natalco Air Lines,NATALCO,S,N
NGB,NJ,Nordic Global Airlines,Nordic Global,Finland,Y
NHL,"",Northumbria Helicopters,NORTHUMBRIA,United Kingdom,N
NLS,"",Nationale Luchtvaartschool,PANDER,Netherlands,N
NOA,"",Norontair,NORONTAIR,Canada,N
NOH,"",No. 32 (The Royal) Squadron RAF,NORTHOLT,United Kingdom,N
NOL,"",National Overseas Airlines Company,NAT AIRLINE,Egypt,N
NRG,"",Ross Aviation,ENERGY,United States,N
NRN,"",Royal Netherland Navy,NETHERLANDS NAVY,Netherlands,N
NSM,"",Global Jet Corporation,THUNDERCLOUD,United States,N
NTJ,2N,NextJet,NEXTJET,Sweden,Y
NTL,"",Air Anatolia,AIR ANATOLIA,Turkey,N
NVD,"",Nordic Solutions,NORDVIND,Lithuania,N
NVM,"",Naviera Mexicana,NAVIERA,Mexico,N
NVY,"",Royal Navy,NAVY,United Kingdom,N
NWN,"",Northwinds Northern,NORTHWINDS,Canada,N
OMR,"",Minair,ORMINE,Central African Republic,N
OPC,"",Krystel Air Charter,OPTIC,United Kingdom,N
ORA,"",Long Island Airlines,LONG ISLAND,United States,N
ORZ,"",Zorex,ZOREX,Spain,N
PAG,"",Perimeter Aviation,PERIMETER,Canada,N
PAK,"",Pacific Alaska Airlines,PACIFIC ALASKA,United States,N
PCM,"",Westair Industries,PAC VALLEY,United States,N
PGI,"",Panagra Airways,PANAGRA,United States,N
PGP,P9,Perm Airlines,PERM AIR,Russia,N
PHD,"",Duncan Aviation,PANHANDLE,United States,N
PHR,"",Al Farana Airline,PHARAOH,Egypt,N
PIL,"",Canada Jet Charters,PINNACLE,Canada,N
PIX,"",Metropix UK,METROPIX,United Kingdom,N
PJE,"",Private Jet Expeditions,PEE JAY,United States,N
PKA,"",AST Pakistan Airways,PAKISTAN AIRWAY,Pakistan,N
PLC,"",Police Aviation Services,SPECIAL,United Kingdom,N
PLM,"",Air Pullmantur,PULLMANTUR,Spain,N
PRC,"",Pacific Air Charter,PACIFIC CHARTER,United States,N
PST,"",Parsa,TURISMO REGIONAL,Panama,N
PSV,"",Servicios Aereos Profesionales,PROSERVICIOS,Dominican Republic,N
PTD,"",Aero Servicio Pity,PITY,Mexico,N
PUV,"",Publivoo,PUBLIVOO,Portugal,N
PXX,"",Aroostook Aviation,PINE STATE,United States,N
PYN,"",Haverfordwest Air Charter Services,POYSTON,United Kingdom,N
QER,Q3,SOCHI AIR CHATER,russian doll,Russia,Y
QFA,QF,Qantas,QANTAS,Australia,Y
QFZ,"",Fars Air Qeshm,FARS AIR,Iran,Y
RAB,RN,Rainbow Air (RAI),Rainbow,United States,Y
RAX,"",Royal Air Freight,AIR ROYAL,United States,N
RAZ,"",Rijnmond Air Services,RIJNMOND,Netherland,N
RBB,"",Rabbit-Air,RABBIT,Switzerland,N
RBH,"",Regal Bahamas International Airways,CALYPSO,Bahamas,N
REA,RE,Aer Arann,AER ARANN,Ireland,Y
RGA,"",Royal Ghanaian Airlines,ROYAL GHANA,Ghana,N
RLT,"",Reliant Airlines,RELIANT,United States,N
RMG,"",Rumugu Air & Space Nigeria,RUMUGU AIR,Nigeria,N
RMO,"",Arm-Aero,ARM-AERO,Armenia,N
ROV,"",Rover Airways International,ROVERAIR,United States,N
RRS,"",Boscombe Down DERA (Formation),BLACKBOX,United Kingdom,N
RSJ,"",RusJet,"",Russia,Y
RTQ,"",Air Turquoise,TURQUOISE,France,N
RTS,"",Relief Transport Services,RELIEF,United Kingdom,N
RWC,"",Arrow Ecuador Arrowec,ARROWEC,Ecuador,N
SAE,Q4,SOCHI AIR EXPRESS,ADLER EXPRESS,Russia,Y
SAV,"",Samal Air,"",Kazakhstan,N
SCD,"",Associated Aviation,ASSOCIATED,Nigeria,N
SCS,"",South African Non Scheduled Airways,SOUTHERN CHARTERS,South Africa,N
SED,"",Sedona Air Center,SEDONA AIR,United States,N
SEE,"",Shaheen Air Cargo,SHAHEEN CARGO,Pakistan,N
SHE,"",Shell Aircraft,SHELL,United Kingdom,N
SHF,"",Royal Air Force,VORTEX,United Kingdom,N
SIV,"",Slovenian Armed Forces,SLOVENIAN,Slovenia,N
SLH,"",Silverhawk Aviation,SILVERHAWK,United States,N
SLU,"",Avio Sluzba,AVIO SLUZBA,Serbia,N
SMH,"",Smithair,SMITHAIR,United States,N
SMM,"",Summit Airlines,SUMMIT-AIR,United States,N
SND,"",Air Samarkand,ARSAM,Uzbekistan,N
SNF,"",Shans Air,SHANS AIR,Russia,N
SNP,"",Sun Pacific International,SUN PACIFIC,United States,N
SNQ,"",Sun Quest Executive Air Charter,EXECU-QUEST,United States,N
SNT,"",Suncoast Aviation,SUNCOAST,United States,N
SPG,"",Springdale Air Service,SPRING AIR,United States,N
SPP,"",Sapphire Aviation,SAPPHIRE,United States,N
SPX,"",Service People Gesselschaft fur Charter und Service,"",Germany,N
SPY,"",Asian Aerospace Service,THAI SPACE,Thailand,N
SQL,"",Servicos De Alquiler,ALQUILER,Mexico,N
SQR,"",Alsaqer Aviation,ALSAQER AVIATION,Libya,N
SRV,"",Aero Servicio Corporativo,SERVICORP,Mexico,N
SSB,"",Sasair,SASIR,Canada,N
STB,"",Status-Alpha Airline,STATUS-ALPHA,Ukraine,N
STI,"",Sontair,SONTAIR,Canada,N
STO,"",Streamline Ops,SLOPS,Russia,N
SUU,"",Star West Aviation,SUNSTAR,United States,N
SVR,U6,Ural Airlines,SVERDLOVSK AIR,Russia,Y
SVW,"",Global Jet Luxembourg,SILVER ARROWS,Luxembourg,N
SWJ,"",Stateswest Airlines,STATES,United States,N
SXS,XQ,SunExpress,SUNEXPRESS,Turkey,Y
SYG,"",Synergy Aviation,SYNERGY,United Kingdom,N
SYK,"",Satsair,AEROCAB,United States,N
SZZ,"",SUR Lineas Aereas,"",Argentina,Y
TAO,VW,Aeromar,TRANS-AEROMAR,Mexico,Y
TAY,3V,TNT Airways,QUALITY,Belgium,N
TBN,"",Teebah Airlines,TEEBAH,Sierra Leone,N
TBR,"",Tubelair,TUBELAIR,Tunisia,N
TBS,"",Servicios Aereos Tribasa,TRIBASA,Mexico,N
TCA,"",Tropican Air Services,TROPICANA,Egypt,N
TCN,"",Trans Continental Airlines,TRANSCON,United States,N
TDO,"",TRADO,TRADO,Dominican Republic,N
TEM,"",Tech-Mont Helicopter Company,TECHMONT,Slovakia,N
TFT,"",Thai Flying Service,THAI FLYING,Thailand,N
THF,"",Touraine Helicoptere,TOURAINE HELICO,France,N
THI,TI,TransHolding,"",Brazil,Y
THT,TN,Air Tahiti Nui,TAHITI AIRLINES,France,Y
TIE,"",Time Air,TIME AIR,Czech Republic,N
TJS,"",Tyrolean Jet Service,TYROLJET,Austria,N
TMI,"",Tamir Airways,TAMIRWAYS,Israel,N
TOC,"",Aerotropical,TROPICMEX,Mexico,N
TPT,"",Transportes Aereo del Sureste,TASSA,Mexico,N
TRD,"",Trans Island Air,TRANS ISLAND,Barbados,N
TSG,"",Trans-Air-Congo,TRANS-CONGO,Republic of the Congo,N
TSR,"",Trans Service Airlift,TRANS SERVICE,Democratic Republic of Congo,N
TUP,"",Aviastar-Tu,TUPOLEVAIR,Russia,N
TWB,TW,Tway Airlines,TWAY AIR,South Korea,Y
TWO,"",Twente Airlines,COLIBRI,Netherlands,N
TXU,"",ATESA Aerotaxis Ecuatorianos,ATESA,Ecuador,N
UAB,"",United Arabian Airlines,UNITED ARABIAN,Sudan,N
UCK,"",Air Division of the Eastern Kazakhstan Region,GALETA,Kazakhstan,N
UGL,"",Inter-Island Air,UGLY VAN,United States,N
UKI,"",UK International Airlines,KHALIQ,United Kingdom,N
UNC,"",Uni-Fly,UNICOPTER,Denmark,N
URG,3N,Air Urga,URGA,Ukraine,N
URJ,"",Star Air,STARAV,Pakistan,N
URY,"",Century Aviation,CENTURY AVIA,Mexico,N
UZS,"",Samarkand Airways,SOGDIANA,Uzbekistan,N
VAV,"",Angkor Air,AIR ANGKOR,Cambodia,N
VDA,VI,Volga-Dnepr Airlines,VOLGA-DNEPR,Russia,Y
VEC,"",Venescar Internacional,VECAR,Venezuela,N
VEN,"",Transaven,TRANSAVEN AIRLINE,Venezuela,N
VJT,"",Vistajet,VISTA,Canada,N
VLG,VY,Vueling Airlines,VUELING,Spain,Y
VLK,XF,Vladivostok Air,VLADAIR,Russia,Y
VMP,"",Execujet Scandinavia,VAMPIRE,Denmark,N
VTT,"",Avia Trans Air Transport,VIATRANSPORT,Sudan,N
WAC,"",West African Cargo Airlines,WESTAF CARGO,Mauritania,N
WAG,"",Wisconsin Air National Guard,"",United States,N
WEW,"",West Wind Aviation,WESTWIND,Canada,N
WFC,"",Swift Copters,SWIFTCOPTERS,Switzerland,N
WIG,"",Wiggins Airways,WIGGINS AIRWAYS,United States,N
WOA,WO,World Airways,WORLD,United States,Y
WWI,"",Worldwide Jet Charter,WORLDWIDE,United States,N
XEL,"",Excel Charter,HELI EXCEL,United Kingdom,Y
XER,"",Xerox Corporation,XEROX,United States,N
XFX,"",Airways Corporation of New Zealand,AIRCORP,New Zealand,N
XMA,"",Martin Aviation Services,"",United States,N
XME,"",Australian air Express,AUS-CARGO,Australia,N
XMG,"",AMS Group,"",Russia,N
XNV,"",Navinc Airlines Services,"",United States,N
XPS,"",XP Internation,XP PARCEL,Netherlands,N
XWS,"",WSI Corporation,"",United States,N
XXS,"",Skyplan Services,"",Canada,N
4SW,"",TEA Switzerland,"",Switzerland,N
AAF,ZI,Aigle Azur,AIGLE AZUR,France,Y
AAT,"",Austrian Airtransport,"",Austria,N
ABJ,"",Abaet,Abaet,Brazil,N
ABS,9T,Transwest Air,ATHABASKA,Canada,Y
ABW,RU,AirBridge Cargo,AIRBRIDGE CARGO,Russia,N
ACO,"",Aero Comondu,AERO COMONDU,Mexico,N
AFA,"",Alfa Air,BLUE ALFA,Czech Republic,N
AFH,"",Air Fecteau,FECTO,Canada,N
AFV,"",Air Afrique Vacancies,AFRIQUE VACANCE,Ivory Coast,N
AFW,"",Afrique Regional Airways,AFRAIR,Ivory Coast,N
AGF,"",Atlantic Gulf Airlines,ATLANTIC GULF,United States,N
AHA,GD,Air Alpha Greenland,AIR ALPHA,Denmark,N
AHF,"",Aspen Helicopters,ASPEN,United States,N
AI0,PP,Air Indus,AIPL,Pakistan,Y
AIE,"",Air Inuit,AIR INUIT,Canada,N
AIS,"",Air Sureste,SURESTE,Spain,N
AJF,"",Avia Consult Flugbetriebs,AVIACONSULT,Austria,N
AKX,EH,Air Nippon Network Co. Ltd.,ALFA WING,Japan,N
ALC,"",Southern Jersey Airways, Inc.,ACOM,N
AMF,"",Ameriflight,AMFLIGHT,United States,N
ANI,"",Air Atlantic (Nig) Limited,NIGALANTIC,Nigeria,N
ANT,4N,Air North Charter - Canada,AIR NORTH,Canada,Y
ANX,"",Secretaria de Marina,SECRETARIA DEMARINA,Mexico,N
ANZ,NZ,Air New Zealand,NEW ZEALAND,New Zealand,Y
AOC,J6,AVCOM,AERO AVCOM,Russia,N
AOS,"",Servicios Aerecs Del Sol, S.A. de C.V.,AEROSOL,N
APG,"",Air People International,AIR PEOPLE,Thailand,N
APX,"",Apex Air Cargo,PARCEL EXPRESS,United States,N
ARE,4C,Aires, Aerovias de Integracion Regional, S.A.,Y
ARF,GV,Aero Flight,Aero Fox,Germany,Y
ARR,QN,Air Armenia,AIR ARMENIA,Armenia,N
ARW,"",Aria,ARIABIRD,France,N
AUA,OS,Austrian Airlines,AUSTRIAN,Austria,Y
AUN,"",Aviones Unidos,AVIONES UNIDOS,Mexico,N
AUP,"",Avia Business Group,"",Russia,N
AUS,NO,Aus-Air,"",Australia,N
AUU,"",Aurora Aviation, Inc.,AURORA AIR,N
AUX,"",Air Uganda International Ltd.,"",Uganda,N
AUY,"",Aerolineas Uruguayas, S.A.,AUSA,N
AVX,"",Aviapaslauga,PASLAUGA,Lithuania,N
AWC,ZT,Titan Airways,ZAP,United Kingdom,N
AWT,"",Air West,AIR WEST,Canada,N
AXN,"",Alexandair,ALEXANDROS,Greece,N
AYM,"",Airman, S.L.,AIRMAN,N
AZP,"",Arizona Pacific Airways,ARIZONA PACIFIC,United States,N
BAB,"",Bahrain Air BSC (Closed),AWAL,Bahrain,N
BAE,"",BAE Systems,FELIX,United Kingdom,N
BAG,DI,dba,SPEEDWAY,Germany,Y
BAK,"",Blackhawk Airways,BLACKHAWK,United States,N
BDS,"",South Asian Airlines,SOUTH ASIAN,Bangladesh,N
BFO,"",Bombardier,BOMBARDIER,Canada,N
BKR,"",Civil Air Patrol South Carolina Wing,BOX KAR,United States,N
BKV,"",Bukovyna,BUKOVYNA,Ukraine,N
BLA,"",All Charter Limited,ALL CHARTER,United Kingdom,N
BLH,"",Blue Horizon Travel Club,BLUE HORIZON,United States,N
BLI,"",Thyssen Krupp AG,BLUELINE,Germany,N
BLM,"",Blue Airways,BLUE ARMENIA,Armenia,N
BLU,"",IMP Aviation Services,BLUENOSE,Canada,N
BNE,"",Benina Air,BENINA AIR,Libya,N
BSA,BZ,Black Stallion Airways,Stallion,United States,Y
BVC,"",Bulgarian Aeronautical Centre,BULGARIAN WINGS,Bulgaria,N
BVR,"",ACM Air Charter,BAVARIAN,Germany,N
BVT,J8,Berjaya Air,BERJAYA,Malaysia,Y
BWL,"",BWA (2002) Ltd,BRITWORLD,United Kingdom,N
BYA,"",Berry Aviation,BERRY,United States,N
CCC,CB,CCML Airlines,"",Colombia,Y
CEF,"",Czech Air Force,CZECH AIR FORCE,Czech Republic,N
CEG,"",Cega Aviation,CEGA,United Kingdom,N
CGK,"",Click Airways,CLICK AIR,Kyrgyzstan,Y
CHA,"",Central Flying Service,CHARTER CENTRAL,United States,N
CIE,"",Czech Government Flying Service,CZECHIA,Czech Republic,N
CIL,"",Cecil Aviation,CECIL,United Kingdom,N
CIW,"",Civair Airways,CIVFLIGHT,South Africa,N
CJG,"",Zhejiang Airlines,ZHEJIANG,China,N
CKE,"",Corporate Aviation Services,CHECKMATE,United States,N
CLM,"",Cargo Link (Caribbean),CARGO LINK,Barbados,N
CME,"",Prince Edward Air,COMET,Canada,N
CNR,"",Condor Aero Services,CONAERO,United States,N
CNS,"",Centennial Flight Centre,CENTENNIAL,Canada,N
CQC,"",Central Queensland Aviation College,"",Australia,N
CRK,HX,Hong Kong Airlines,BAUHINIA,Hong Kong SAR of China,Y
CSI,"",Central Skyport,SKYPORT,United States,N
CSM,"",Ratkhan Air,LORRY,Kazakhstan,N
CSX,"",Choice Airways,"",United States,Y
CTE,"",Air Tenglong,TENGLONG,China,N
CTK,"",East Midlands Helicopters,COSTOCK,United Kingdom,N
CTY,"",Cryderman Air Service,CENTURY,United States,N
CUB,CU,Cubana de Aviación,CUBANA,Cuba,Y
CUK,"",Polo Aviation,CHUKKA,United Kingdom,N
CVA,CV,Air Chathams,CHATHAM,New Zealand,Y
CWA,W2,Canadian Western Airlines,CANADIAN WESTERN,Canada,N
CWC,WE,Centurion Air Cargo,CHALLENGE CARGO,United States,N
CWK,KR,Comores Airlines,CONTICOM,Comoros,Y
CYO,"",Air Transport,COYOTE,United States,N
DAG,N2,Dagestan Airlines,DAGAL,Russia,N
DAP,"",Aerovias DAP,DAP,Chile,N
DCD,"",Air 26,DUCARD,Angola,Y
DNC,"",Aeroynamics Malaga,FLYINGOLIVE,Spain,N
DNI,"",Servicios Aereos Denim,AERO DENIM,Mexico,N
DNK,"",D&K Aviation,DIRECT JET,United States,N
DNU,"",Danu Oro Transportas,DANU,Lithuania,N
DRT,"",Darta,DARTA,France,N
DTN,"",Data International,DATA AIR,Sudan,N
DUB,"",Dubai Airwing,DUBAI,United Arab Emirates,N
DUK,"",Ducair,LION KING,Luxembourg,N
DVB,"",Don Avia,DONSEBAI,Kazakhstan,N
EAI,"",Elite Air,ELAIR,Togo,N
EAZ,"",Eastern Air,EASAIR,Zambia,N
ECI,"",Eastern Carolina Aviation,EASTERN CAROLINA,United States,N
EDD,"",Lineas Aereas Ejectuivas De Durango,LINEAS DURANGO,Mexico,N
EDI,"",Eastern Atlantic Charters,"",United States,N
EDL,"",Polizeihubschrauberstaffel Bayern,POLICE EDELWEISS,Germany,N
EDO,"",Elidolomiti,ELIDOLOMITI,Italy,N
EEA,EU,Empresa Ecuatoriana De Aviacion,ECUATORIANA,Ecuador,Y
EEZ,"",Eurofly,E-FLY,Italy,N
EGL,"",Capital Trading Aviation,PRESTIGE,United Kingdom,N
EGN,"",Eagle Aviation France,FRENCH EAGLE,France,N
EIX,"",Ei Air Exports,AIR EXPORTS,Ireland,N
EJP,"",Aeroservicios Ejecutivos Corporativos,EJECCORPORATIVOS,Mexico,N
ENI,"",Enimex,ENIMEX,Estonia,N
EOA,"",Elilombarda,LOMBARDA,Italy,N
EPS,"",Epps Air Service,EPPS AIR,United States,N
EQZ,"",Equatair Air Services (Zambia),ZAMBIA CARGO,Zambia,N
ERX,"",Earth Airlines Services,EARTH AIR,Nigeria,N
ESK,NE,SkyEurope,RELAX,Slovakia,Y
ESX,"",Euroskylink,CATFISH,United Kingdom,N
ETP,"",Empire Test Pilots' School,TESTER,United Kingdom,N
EVR,"",Aeronautical Academy of Europe,DIANA,Portugal,N
EXA,MB,Execair Aviation,CANADIAN EXECAIRE,Canada,N
EXB,"",Brazilian Army Aviation,BRAZILIAN ARMY,Brazil,N
FAE,"",Freshaer,WILDGOOSE,United Kingdom,N
FAN,"",AF-Air International,FANBIRD,Angola,N
FBA,"",Fab Air,FAB AIR,Kyrgyzstan,N
FFC,"",Fairoaks Flight Centre,FAIROAKS,United Kingdom,N
FFV,5H,Fly540,SWIFT TANGO,Kenya,Y
FGL,"",Futura Gael,Applewood,Ireland,N
FIC,"",Aerosafin,AEROSAFIN,Mexico,N
FLH,"",Sky Bus,MILE HIGH,United States,N
FLO,"",Flycom,FLYCOM,Slovenia,N
FLT,B5,Flightline,FLIGHTLINE,United Kingdom,Y
FLW,"",FLowair Aviation,QUICKFLOW,France,N
FN1,"",Finlandian,"",Finland,Y
FOF,"",Fred. Olsen,"",Norway,N
FQR,WL,CheapFlyingInternational,cheapflying,France,N
FRD,"",Ford Motor Company,FORD,United States,N
FRQ,"",Afrique Chart'air,CHARTER AFRIQUE,Cameroon,N
FRR,"",Fresh Air,FRESH AIR,Nigeria,N
FRT,"",Aerofreight Airlines,"",Russia,N
FVA,"",Cardinal/Air Virginia,AIR VIRGINIA,United States,N
GAV,"",Granada Aviacion,GRANAVI,Spain,N
GBR,"",Rader Aviation,GREENBRIER AIR,United States,N
GDA,"",GoldAir,AIR PARTNER,United Kingdom,N
GDB,"",Gendarmerie Belge,BELGIAN GENERMERIE,Belgium,N
GEC,LH,Lufthansa Cargo,LUFTHANSA CARGO,Germany,Y
GGZ,"",Global Georgian Airways,GLOBAL GEORGIAN,Georgia,N
GIA,GA,Garuda Indonesia,INDONESIA,Indonesia,Y
GIF,J9,Guinee Airlines,GUINEE AIRLINES,Guinea,N
GNL,"",135 Airways,GENERAL,United States,N
GNS,"",Eastern Executive Air Charter,GENESIS,United Kingdom,N
GOE,"",Go Fly (United Kingdom),Go Flight,United Kingdom,N
GRV,"",Vernicos Aviation,NIGHT RIDER,Greece,N
GUJ,G8,Gujarat Airways,GUJARATAIR,India,N
GVI,"",Air Victoria Georgia,IRINA,Georgia,N
GXL,"",Star XL German Airlines,STARDUST,Germany,N
GZA,"",Excellent Air,EXCELLENT AIR,Germany,N
HAM,2T,Haiti Ambassador Airlines,"",Haiti,Y
HBA,"",Trail Lake Flying Service,HARBOR AIR,United States,N
HDC,"",Helcopteros De Cataluna,HELICATALUNA,Spain,N
HEJ,T4,Hellas Jet,HELLAS JET,Greece,Y
HHH,"",Helicsa,HELICSA,Spain,N
HID,"",Aviacion Ejecutiva De Hildago,EJECUTIVA HIDALGO,Mexico,N
HKE,UO,Hong Kong Express Airways,HONGKONG SHUTTLE,Hong Kong SAR of China,Y
HLK,"",Heli-Link,HELI-LINK,Switzerland,N
HLT,"",Helitafe,HELITAFE,Mexico,N
HMF,"",Norrlandsflyg,LIFEGUARD SWEDEN,Sweden,N
HPY,"",Happy Air,"",Thailand,Y
HUV,"",Hunair Hungarian Airlines,SILVER EAGLE,Hungary,N
HVA,"",Newair,HAVEN-AIR,United States,N
IAD,"",Fly Wex,FLYWEX,Italy,N
ICC,"",Instituto Cartografico de Cataluna,CARTO,Spain,N
ICJ,"",Icejet,ICEJET,Iceland,N
INK,"",Sincom-Avia,SINCOM AVIA,Ukraine,N
ISL,"",Landsflug,ISLANDIA,Iceland,N
ITN,"",Industrias Titan,TITANLUX,Spain,N
ITR,"",Frontier Commuter,OUT BACK,United States,N
IXX,"",Dolphin Express Airlines,ISLAND EXPRESS,United States,N
JAF,JF,Jetairfly,BEAUTY,Belgium,Y
JDG,"",Joanas Avialinijos,LADYBLUE,Lithuania,N
JEK,"",Jet Link,JET OPS,Israel,N
JET,IV,Wind Jet,GHIBLI,Italy,Y
JFU,8J,Jet4You,ARGAN,Morocco,Y
JKY,"",Helicopter & Aviation Services,JOCKEY,United Kingdom,N
JSH,"",Jetstream Air,STREAM-AIR,Hungary,N
JSW,"",Jigsaw Project,JIGSAW,United Kingdom,N
JTN,"",Jettrain Corporation,JETTRAIN,United States,N
JTR,"",Executive Aviation Services,JESTER,United Kingdom,N
KAV,"",Air Kufra,AIRKUFRA,Libya,N
KBR,K7,KoralBlue Airlines,KORAL BLUE,Egypt,Y
KGT,"",Knights Airlines,KNIGHT-LINER,Nigeria,N
KHX,"",Knighthawk Express,RIZZ,United States,N
KLM,KL,KLM Royal Dutch Airlines,KLM,Netherlands,Y
KRA,"",Transcontinental Airlines,REGATA,Kazakhstan,N
KRV,"",Khoriv-Avia,KHORIV-AVIA,Ukraine,N
LAD,"",Lebanon Airport Development Corporation,LADCO-AIR,United States,N
LAJ,KJ,British Mediterranean Airways,BEE MED,United Kingdom,Y
LBQ,"",Quest Diagnostics,LABQUEST,United States,N
LDR,"",Aero Lider,AEROLIDER,Mexico,N
LIR,"",Minsk Aircraft Overhaul Plant,LISLINE,Belarus,N
LKY,"",Air Solutions,LUCKY,United States,N
LLM,YL,Yamal Airlines,YAMAL,Russia,Y
LNC,"",LAN Dominica,LANCANA,Dominican Republic,N
LNK,"",Airlink,LINK,South Africa,N
LPC,"",Alpine Aviation,NETSTAR,South Africa,N
LSR,"",Alsair,ALSAIR,France,N
LTO,L3,LTU Austria,BILLA TRANSPORT,Austria,Y
LTS,"",Flight Inspections and Systems,SPECAIR,Russia,N
LUR,TD,Atlantis European Airways,"",Armenia,Y
LXJ,"",Bombardier Business Jet Solutions,FLEXJET,United States,N
LXP,LU,LAN Express,LANEX,Chile,Y
LYM,"",Key Lime Air,KEY LIME,United States,N
MAS,MH,Malaysia Airlines,MALAYSIAN,Malaysia,Y
MAW,"",Mustique Airways,MUSTIQUE,Barbados,N
MBC,"",Airjet Exploracao Aerea De Carga,MABECO,Angola,N
MDX,"",Aerosud Charter,MEDAIR,South Africa,N
MGG,"",Elmagal Aviation Services,ELMAGAL,Sudan,N
MIM,"",Mimino,MIMINO,Russia,N
MLF,"",Amal Airlines,AMAL,Djibouti,N
MMC,"",Aermarche,AERMARCHE,Italy,N
MNA,MZ,Merpati Nusantara Airlines,MERPATI,Indonesia,Y
MNS,"",Ministic Air,MINISTIC,Canada,N
MQT,"",Air ITM,MUSKETEER,France,N
MSP,"",Servicio De Viglancia Aerea Del Ministerio De Seguridad Publica,SEGURIDAD,Costa Rica,N
MTO,"",Manitoulin Air Services,MANITOULIN,Canada,N
MUA,"",Murray Air,MURRAY AIR,United States,N
MUN,"",Aeromundo Ejecutivo,AEROMUNDO,Mexico,N
MXI,I6,MexicanaLink,LINK,Mexico,Y
MXT,"",Mexico Transportes Aereos,TRANSMEX,Mexico,N
N78,9N,Regional Air Iceland,"",Iceland,Y
NAC,NC,Northern Air Cargo,YUKON,United States,N
NAS,UE,Nasair,NASAIRWAYS,Eritrea,Y
NAV,"",Nav Flight Planning,NAV DISPATCH,Czech Republic,N
NAY,"",Navegacion Servicios Aereos Canarios SA,NAYSA,Spain,N
NCB,"",North Caribou Flying Service Ltd,NORTH CARIBOU,Canada,N
NDU,"",University of North Dakota,SIOUX,United States,N
NFS,"",Afrique CArgo Service Senegal,"",Senegal,N
NGE,"",Angel Airlines,ANGEL AIR,Thailand,N
NID,"",Aeroni,AERONI,Mexico,N
NOS,NO,Neos,MOONFLOWER,Italy,N
NPC,"",Western Air Couriers,NORPAC,United States,N
NTR,"",TNT International Aviation,NITRO,United Kingdom,N
NZA,"",Nayzak Air Transport,"",Libya,N
OAL,OA,Olympic Airlines,OLYMPIC,Greece,Y
OCA,R7,Aserca Airlines,AROSCA,Venezuela,Y
ORD,"",Orange Air Services,ORANGE SERVICES,Sierra Leone,N
OTL,"",South Airlines,SOUTHLINE,Ukraine,N
OTP,"",Operadora de Transportes Aereos,OPERADORA AEREO,Mexico,N
OTR,"",Orient Airlines,ORIENTROC,Sudan,N
PAR,"",Pacific Rim Airways,PACRIM,Australia,N
PIF,"",Aeroservicios California Pacifico,AEROCALPA,Mexico,N
PIN,"",Pacific International Airlines,ROAD RUNNERS,United States,N
PLB,DJ,Polynesian Blue,POLYBLUE,New Zealand,N
PLX,"",Pool Aviation,POOLEX,United Kingdom,N
POB,"",Servicios Aereos Poblanos,POBLANOS,Mexico,N
POI,"",BGB Air,BOJBAN,Kazakhstan,N
PRV,"",Provincial Express,PROVINCIAL,Canada,N
PSI,"",Pont International Airline Services,PONT,Suriname,N
PSZ,"",Pro Air Service,POP-AIR,United States,N
PTH,"",Proteus Helicopteres,PROTEUS,France,N
PTM,"",Southeastern Airways,POSTMAN,United States,N
PUA,PU,PLUNA,PLUNA,Uruguay,Y
PUR,"",Spurwing Airlines,SPURWING,South Africa,N
PWA,"",Priester Aviation,PRIESTER,United States,N
PWL,"",Powell Air,POWELL AIR,Canada,N
QAC,"",Qatar Air Cargo,QATAR CARGO,Qatar,N
RAQ,"",Rath Aviaton,RATH AVIATION,Austria,N
REC,"",Trans Reco,TRANS-RECO,Mauritania,N
RED,"",International Committee of the Red Cross,RED CROSS,Switzerland,N
REK,V4,Reem Air,REEM AIR,Kyrgyzstan,N
RFS,"",Rossair,"",Australia,N
RFX,"",J P Hunt Air Carriers,REFLEX,United States,N
RID,"",Ridder Avia,AKRID,Kazakhstan,N
RMD,"",Air Amder,AIR AMDER,Mauritania,N
RNA,RA,Nepal Airlines,ROYAL NEPAL,Nepal,Y
RNX,1T,1Time Airline,NEXTIME,South Africa,Y
ROA,QQ,Reno Air,RENO AIR,United States,N
ROD,"",Aerodan,AERODAN,Mexico,N
ROH,"",Aero Gen,AEROGEN,Mexico,N
ROM,BQ,Aeromar,BRAVO QUEBEC,Dominican Republic,N
ROR,"",Roraima Airways,RORAIMA,Guyana,N
RPA,RW,Republic Airlines,BRICKYARD,United States,Y
RRA,"",Royal Rwanda Airlines,ROYAL RWANDA,Rwanda,N
RSK,"",DSWA,REDSKIN,United States,N
RUN,"",ACT Havayollari,CARGO TURK,Turkey,N
RVE,"",Airventure,AIRVENTURE,Belgium,N
RVT,"",Aircompany Veteran,AIR-VET,Armenia,N
RWE,"",Royal West Airlines,ROYAL WEST,United States,N
RXT,"",Aeroxtra,AERO-EXTRA,Mexico,N
RYL,V5,Royal Aruban Airline,ROYAL ARUBAN,Aruba,N
RZA,"",Jet Fighter Flights,RAZOR,Australia,N
RZN,"",Aero Zano,ZANO,Mexico,N
SAC,"",SASCO Airlines,SASCO,Sudan,N
SBA,"",STA-MALI,STA-MALI,Mali,N
SBH,"",Aerosaab,AEROSAAB,Mexico,N
SBI,S7,S7 Airlines,SIBERIAN AIRLINES,Russia,Y
SBZ,"",Scibe Airlift,SCIBE AIRLIFT,Democratic Republic of the Congo,N
SCN,"",South American Airlines,SOUTH AMERICAN,Peru,N
SCO,TZ,Scoot,"",Singapore,Y
SDA,"",St. Andrews Airways,SAINT ANDREWS,Canada,N
SEB,"",Servicios Aereos Luce,SERVILUCE,Mexico,N
SFX,"",S.K. Logistics,SWAMP FOX,United States,N
SFY,"",Gulf Flite Center,SKY FLITE,United States,N
SGD,"",Sky Gate International Aviation,AIR BISHKEK,Kyrgyzstan,N
SHB,"",Shabair,SHABAIR,Democratic Republic of the Congo,N
SHK,"",Shorouk Air,"",Egypt,N
SIY,"",Aerosiyusa,SIYUSA,Mexico,N
SJY,SJ,Sriwijaya Air,SRIWIJAYA,Indonesia,Y
SKE,"",Sky Tours,SKYISLE,United States,N
SKQ,"",Labcorp,SKYLAB,United States,N
SKX,JZ,Skyways Express,SKY EXPRESS,Sweden,Y
SLB,"",Slok Air,SLOK AIR,Nigeria,N
SLO,"",Edgartown Air,SLOW,United States,N
SMD,"",Servicios Aereos La Marquesa,SERVICIOS MARQUESA,Mexico,N
SNC,2Q,Air Cargo Carriers,NIGHT CARGO,United States,Y
SOE,"",Air Soleil,AIR SOLEIL,Mauritania,N
SOU,"",Southern Airways,SOUTHERN EXPRESS,United States,Y
SOV,6W,Saratov Aviation Division,SARATOV AIR,Russia,Y
SOY,"",Island Aviation,SORIANO,Philippines,N
SPA,"",Sierra Pacific Airlines,SIERRA PACIFIC,United States,N
SSE,"",Servicios Aereos Sunset,SUNSET,Mexico,N
SSH,"",Heritiage Flight (Valley Air Services),SNOWSHOE,United States,N
SSM,"",Aero 1 Pro-Jet,RAPID,Canada,N
STY,"",Styrian Airways,STYRIAN,Austria,N
SWB,"",Swissboogie Parapro,SWISSBOOGIE,Switzerland,N
SYF,"",Sky One Express Airlines,SKY FIRST,United States,N
SYX,AL,Skywalk Airlines,SKYWAY-EX,United States,Y
TAK,U9,Tatarstan Airlines,TATARSTAN,Russia,Y
TAL,"",Talair,TALAIR,Papua New Guinea,N
TAN,"",Zanair,ZANAIR,Tanzania,Y
TBZ,TB,TrasBrasil,"",Brazil,Y
TCO,"",Aerotranscolombina de Carga,TRANSCOLOMBIA,Colombia,N
TDC,"",Tadair,TADAIR,Spain,N
TEE,"",West Freugh DTEO,TEEBIRD,United Kingdom,N
TEF,"",Tecnicas Fotograficas,TECFOTO,Spain,N
TFB,"",Tair Airways,ROYAL TEE-AIR,Philippines,N
TGE,"",Trabajos Aereos,TASA,Spain,N
TGX,"",Transair Gabon],TRANSGABON,Gabon,N
THA,TG,Thai Airways International,THAI,Thailand,Y
THN,"",International Security Assistance Force,ATHENA,Canada,N
TIM,"",TEAM Transportes Aereos,TEAM BRASIL,Brazil,N
TLO,"",Eagle Canyon Airlines,TALON AIR,United States,N
TMR,"",Timberline Air,TIMBER,Canada,N
TMX,"",Tramon Air,TRAMON,South Africa,N
TMZ,"",Tranporte Amazonair,TRANS AMAZON,Venezuela,N
TOS,PM,Tropic Air,TROPISER,Belize,Y
TPX,"",Transportes Aereos De Xalapa,TRANSXALAPA,Mexico,N
TSC,TS,Air Transat,TRANSAT,Canada,Y
TTB,"",Aerolineas Turisticas del Caribe,AERO TURISTICAS,Mexico,N
TUD,"",Flight Alaska,TUNDRA,United States,N
TUX,"",Tulpar Air Service,TULPA,Kazakhstan,N
TUY,LD,Linea Turistica Aerotuy,AEREOTUY,Venezuela,N
TWW,"",Trans Air Welwitchia,WELWITCHIA,Angola,N
TXD,"",Aerotaxis del Noroeste,TAXI OESTE,Mexico,N
TXN,"",Texas National Airlines,TEXAS NATIONAL,United States,N
TYF,"",Tayflite,TAYFLITE,United Kingdom,N
UAE,EK,Emirates,EMIRATES,United Arab Emirates,Y
UAH,"",University Air Squadron,"",United Kingdom,N
UES,"",Ues-Avia Aircompany,AVIASYSTEM,Ukraine,N
UJT,"",Universal Jet Aviation,UNI-JET,United States,N
UKS,6Z,Ukrainian Cargo Airways,CARGOTRANS,Ukraine,N
UNU,"",Unifly Servizi Aerei,UNIEURO,Italy,N
UTM,"",TAPC Aviatrans Aircompany,AVIATAPS,Uzbekistan,N
UTX,"",Avfinity,"",United States,N
UVN,"",United Aviation,UNITED AVIATION,Kuwait,N
VAL,VC,Voyageur Airways,VOYAGEUR,Canada,N
VAU,VA,V Australia Airlines,KANGA,Australia,N
VBA,"",V Bird Airlines Netherlands,VEEBEE,Netherlands,N
VEE,"",Victor Echo,VICTOR ECHO,Spain,N
VGD,"",Vanguard Airlines,VANGUARD AIR,United States,N
VID,"",Aviaprad,AVIAPRAD,Russia,N
VIP,"",Tag Aviation UK,SOVEREIGN,United Kingdom,N
VJE,"",Avjet International (FZE),"",United Arab Emirates,N
VLS,"",Aero Virel,VIREL,Mexico,N
VNP,VH,Virgin Pacific,"",Fiji,Y
VOO,"",Volotea,Volotea,Spain,Y
VSC,"",AVESCA,AVESCA,Colombia,N
VTL,"",Victor Tagle Larrain,VITALA,Chile,N
VXP,"",Mali Air Express,AVION EXPRESS,Mali,N
WCW,"",West Caribbean Airways,"",Colombia,N
WEV,"",Victoria International Airways,VICTORIA UGANDA,Uganda,N
WHT,"",White,YOUNG SKY,Portugal,N
WLK,"",Skyrover CC,SKYWATCH,South Africa,N
WPT,"",Wapiti Aviation,WAPITI,Canada,N
WSF,"",West African Airlines,"",Benin,N
WSI,"",Wind Spirit Air,WIND SPIRIT,United States,N
WSL,"",Westflight Aviation,WEST LINE,United Kingdom,N
XAP,"",Direct Air trading as Midway Connection,MID-TOWN,United States,N
XCS,"",Compuserve Incorporated,"",United States,N
XDS,"",Dispatch Services,"",United States,N
XLT,"",Empressa Brasileira de Infra-Estrutura Aeroportuaria-Infraero,INFRAERO,Brazil,N
XXX,"",ASL,"",Belgium,N
YEL,YE,Yellowtail,"",United States,Y
ZNA,ZN,Zenith International Airline,ZENITH,Thailand,Y
***,??,South West Africa Territory Force,"",Namibia,N
001,U1,AirOne Polska,AOC,Poland,N
AAB,W9,Abelag Aviation,ABG,Belgium,N
AAC,"",Army Air Corps,ARMYAIR,United Kingdom,N
AAD,"",Aero Aviation Centre Ltd.,SUNRISE,Canada,N
AAG,KI,Air Atlantique,ATLANTIC,United Kingdom,N
AAV,"",Astro Air International,ASTRO-PHIL,United States,N
ABE,K5,Aban Air,ABAN,Iran,n
ABN,"",Air Fret Senegal, ,Senegal,N
ABO,"",APSA Colombia,AEROEXPRESO,Colombia,N
ABR,AG,Air Contractors,CONTRACT,Ireland,N
ACM,"",Air Caledonia,WEST CAL,Canada,N
ACW,"",Royal Air Force,AIR CADET,United Kingdom,N
ACY,"",Atlas Cargo Lines,ATLAS CARGOLINES,Morocco,N
ADC,"",Air Atlantic Dominicana,ATLAN-DOMINICAN,Dominican Republic,N
ADN,"",Aerodienst GmbH,AERODIENST,Germany,N
AEH,RX,Aviaexpress,Avex,Hungary,N
AEV,"",Aeroventas,AEROVENTAS,Mexico,N
AFC,"",African West Air,AFRICAN WEST,Senegal,N
AFG,FG,Ariana Afghan Airlines,ARIANA,Afghanistan,Y
AGQ,"",Aerogala,GALASERVICE,Chile,N
AHS,"",Air Viggi San Raffaele,AIRSAR,Italy,N
AIL,"",Air Illinois,AIR ILLINOIS,United States,N
AIY,"",Aircrew Check and Training Australia,AIRCREW,Australia,N
AJU,"",Air Jetsul,AIRJETSUL,Portugal,N
AKT,V2,Karat,AVIAKARAT,Russia,N
AL1,L1,All Argentina,"",Argentina,Y
ALJ,"",Heli Ambulance Team,ALPIN HELI,Austria,N
AMM,"",Aeroputul International Marculesti,AEROM,Moldova,N
AMP,"",Aero Transporte S.A. (ATSA),ATSA,Peru,N
ANE,YW,Air Nostrum,AIR NOSTRUM,Spain,Y
AOT,OE,Asia Overnight Express,ASIA OVERNIGHT,Philippines,N
APV,"",Air Plan International,AIR PLAN,Democratic Republic of the Congo,N
ARL,"",Airlec - Air Aquitaine Transport,AIRLEC,France,N
ARM,"",Aeromarket Express,AMEX,Spain,N
ASB,"",Air-Spray 1967 Ltd.,AIR SPRAY,Canada,N
ASZ,OB,Astrakhan Airlines,AIR ASTRAKHAN,Russia,Y
ATP,"",ASTRAL Colombia - Aerotransportes Especiales Ltda.,ASTRAL,Colombia,N
ATR,"",Atlas Airlines,ATLAS-AIR,United States,N
AUF,"",Augusta Air Luftfahrtunternehmen,AUGUSTA,Germany,N
AVN,NF,Air Vanuatu,AIR VAN,Vanuatu,Y
AVR,"",Active Aero Charter, Inc.,ACTIVE AERO,N
AVU,"",Avia Sud A,AVIASUD,France,N
AWQ,QZ,Indonesia AirAsia,WAGON AIR,Indonesia,Y
AWW,6G,Air Wales,RED DRAGON,United Kingdom,Y
AXI,"",Aeron International Airlines, Inc.,AIR FREIGHTER,N
AXS,"",Altus Airlines,ALTUS,United States,N
AYB,"",Belgian Army,BELGIAN ARMY,Belgium,N
AYZ,3G,Atlant-Soyuz Airlines,ATLANT-SOYUZ,Russia,Y
AZQ,ZP,Silk Way Airlines,SILK LINE,Azerbaijan,N
BAA,"",Balkan Agro Aviation,BALKAN AGRO,Bulgaria,N
BAC,"",BAC Leasing Limited, ,United Kingdom,N
BAS,"",Aero Services,AEROSERV,Barbados,N
BAV,"",Bay Aviation Ltd,BAY AIR,Bangladesh,N
BDG,"",Mississippi State University,BULLDOG,United States,N
BID,"",Binair,BINAIR,Germany,N
BIR,"",Bird Leasing,BIRD AIR,United States,N
BJA,"",Baja Air,BAJA AIR,Mexico,N
BLX,6B,TUIfly Nordic,BLUESCAN,Sweden,Y
BLY,"",Starair,BLARNEY,Ireland,N
BMK,"",GST Aero Aircompany,MURAT,Kazakhstan,N
BOL,"",Transportes Aereos Bolivianos,BOL,Bolivia,N
BSW,"",Blue Sky Airways,SKY BLUE,Czech Republic,N
BXI,"",Brussels International Airlines,XENIA,Belgium,N
CBA,"",Civil Aviation Inspectorate of the Czech Republic,CALIBRA,Czech Republic,N
CCG,"",Central Connect Airlines,"",Czech Republic,Y
CCP,MG,Champion Air,CHAMPION AIR,United States,N
CCX,"",Colt International,"",United States,N
CDA,"",Aerocardal,CARDAL,Chile,N
CGR,"",Compagnia Generale Ripreseaeree,COMPRIP,Italy,N
CGS,"",Centre of Applied Geodynamica,GEO CENTRE,Russia,N
CHC,"",China Ocean Helicopter Corporation,CHINA HELICOPTER,China,N
CII,"",Cityfly,CITYFLY,Italy,N
CJI,"",Corporate Jets,SEA JET,United States,N
CLX,CV,Cargolux,CARGOLUX,Luxembourg,N
CMU,"",Northern Aviation Service,LANNA AIR,Thailand,N
CNC,"",Corporacion Aereo Cencor,CENCOR,Mexico,N
CNI,"",Empresa Nacional De Servicios Aereos,SERAER,Cuba,N
CNU,"",Air Consul,AIR CONSUL,Spain,N
CPA,CX,Cathay Pacific,CATHAY,Hong Kong SAR of China,Y
CPN,RV,Caspian Airlines,CASPIAN,Iran,Y
CSF,"",Clasair,CALEDONIAN,United Kingdom,N
CWZ,"",Capitol Wings Airline,CAPWINGS,United States,N
CX0,0X,Copenhagen Express,Copex,Denmark,Y
CXS,E9,Boston-Maine Airways,CLIPPER CONNECTION,United States,N
CYD,ZA,Access Air,CYCLONE,United States,Y
CYS,"",Cypress Airlines,SKYBIRD,Canada,N
DAD,"",Dorado Air,DORADO AIR,Dominican Republic,N
DCM,"",FLTPLAN,DOT COM,United States,N
DEV,"",Red Devils Parachute Display Team,RED DEVILS,United Kingdom,N
DLA,EN,Air Dolomiti,DOLOMOTI,Italy,Y
DNJ,"",Aerodynamics Incorporated,DYNAJET,United States,N
DNV,D9,Aeroflot-Don,DONAVIA,Russia,Y
DOR,"",Dornier,DORNIER,Germany,N
DQA,"",Island Aviation Services,"",Maldives,N
DRU,6R,Alrosa Mirny Air Enterprise,MIRNY,Russia,Y
DSK,"",Aero Algarve,SKYBANNER,Portugal,N
DVA,DH,Discovery Airways,DISCOVERY AIRWAYS,United States,N
EAD,"",EAA Escola De Aviacao Aerocondor,AERO-ESCOLA,Portugal,N
EAL,EA,European Air Express,STAR WING,Germany,Y
EAM,"",Embassy Airlines,EMBASSY AIR,Nigeria,N
EAN,"",Skypower Express Airways,NIGERIA EXPRESS,Nigeria,N
EAP,"",Aero-Pyrenees,AERO-PYRENEES,France,N
EFA,EF,Far Eastern Air Transport,Far Eastern,Taiwan,Y
EFD,"",EFD Eisele Flugdienst,EVER FLIGHT,Germany,N
ELB,"",Elieuro,ELILOBARDIA,Italy,N
ELH,"",Elilario Italia,LARIO,Italy,N
ELS,"",El Sal Air,EL SAL,El Salvador,N
ELT,"",Elliott Aviation,ELLIOT,United States,N
ELY,LY,El Al Israel Airlines,ELAL,Israel,Y
EMI,"",Premium Air Shuttle,BLUE SHUTTLE,Nigeria,N
ERE,"",Erie Airways,AIR ERIE,United States,N
ESO,"",Avitat,"",United Kingdom,N
ETA,"",Estrellas Del Aire,ESTRELLAS,Mexico,N
EVN,"",Euraviation,EURAVIATION,Italy,N
EXE,"",Executive Flight,EXEC,United States,N
FAK,"",Financial Airxpress,FACTS,United States,N
FAX,"",Midwest Air Freighters,FAIRFAX,United States,N
FBW,"",Aviation Data Systems,"",United States,N
FCB,"",COBALT,COBALT,Cyprus,Y
FCC,"",First Cambodia Airlines,FIRST CAMBODIA,Cambodia,N
FCM,"",Flybe Finland Oy,FINNCOMM,Finland,Y
FCO,"",Aerofrisco,AEROFRISCO,Mexico,N
FDL,"",Farmingdale State University,FARMINGDALE STATE,United States,N
FDX,FX,Federal Express,FEDEX,United States,N
FFF,"",Freedom Air Services,INTER FREEDOM,Nigeria,N
FFG,"",Flugdienst Fehlhaber,WITCHCRAFT,Germany,N
FFH,"",Shalom Air Services,PEACE AIR,Nigeria,N
FNX,"",Aero Fenix,AERO FENIX,France,N
FRG,"",Freight Runners Express,FREIGHT RUNNERS,United States,N
FVS,"",Falcon Aviation Services,FALCON AVIATION,United Arab Emirates,N
FWI,TX,Air Caraïbes,FRENCH WEST,France,Y
FXF,"",VIP Air Charter,FOX FLIGHT,United States,N
FXY,"",Flexair,FLEXY,Netherlands,N
FYA,"",Servicios Aereos Integrales / Flyant,FLYANT,Spain,N
GAE,"",Grand Aire Express,GRAND EXPRESS,United States,N
GBE,"",Gabon Express,GABEX,Gabon,N
GBO,"",Ogooue Air Cargo,"",Gabon,N
GCA,"",Grand Cru Airlines,"",Lithuania,Y
GCB,"",Lignes Nationales Aeriennes - Linacongo,LINACONGO,Republic of the Congo,N
GFS,"",Gulfstream Airlines,GULFSTAR,United States,N
GGA,"",First Flying Squadron,JAWJA,United States,N
GIG,"",Gacela Air Cargo,GACELA AIR,Mexico,N
GKA,"",US Army Parachute Team,GOLDEN KNIGHTS,United States,N
GLC,"",Global Aircargo,"",Bahrain,N
GLO,G3,Gol Transportes Aéreos,GOL TRANSPORTE,Brazil,Y
GOS,"",Goldfields Air Services,"",Australia,N
GRS,"",Golden Rule Airlines,GOLDEN RULE,Kyrgyzstan,N
GSA,"",Garden State Airlines,GARDEN STATE,United States,N
GTY,"",National Aviation Company,"",Egypt,N
HAS,"",Honduras Airlines,HONDURAS AIR,Honduras,N
HAY,"",Hamburg Airways,"",Germany,Y
HBC,"",Haitian Aviation Line,HALISA,Haiti,N
HEL,"",Helicol,HELICOL,Colombia,N
HJA,"",Air Haiti,AIRHAITI,Haiti,N
HKG,"",Government Flying Service,HONGKONG GOVERNMENT,Hong Kong SAR of China,N
HKL,"",Hak Air,HAK AIRLINE,Nigeria,N
HNA,"",Greek Navy,HELLENIC NAVY,Greece,N
HOA,H5,Hola Airlines,HOLA,Spain,N
HZX,"",Citic General Aviation,ZHONGXIN,China,N
IAC,IC,Indian Airlines,INDAIR,India,Y
IAY,"",Deadalos Flugtbetriebs,IASON,Austria,N
ICE,FI,Icelandair,ICEAIR,Iceland,Y
ICN,"",Inter-Canadian,INTER-CANADIAN,Canada,N
ICS,"",International Charter Services,INTERSERVI,Mexico,N
IFT,"",Interflight,INTERFLIGHT,United Kingdom,N
IGO,6E,IndiGo Airlines,IFLY,India,Y
IKN,"",IKON FTO,IKON,Germany,N
INE,9I,International Europe,"",Spain,Y
IOS,"",Isles of Scilly Skybus,SCILLONIA,United Kingdom,N
JAG,"",Jetalliance,JETALLIANCE,Austria,N
JAL,JL,Japan Airlines,JAPANAIR,Japan,Y
JAV,R5,Jordan Aviation,JORDAN AVIATION,Jordan,N
JAZ,JO,JALways,JALWAYS,Japan,Y
JCX,"",Jet Connection,JET CONNECT,Germany,N
JEC,JX,Jett8 Airlines Cargo,"",Singapore,N
JEV,N6,Lagun Air,"",Spain,N
JFL,"",Jetfly Airlines,LINEFLYER,Austria,N
JIC,"",Jetgo International,JIC-JET,Thailand,N
JLA,"",MIA Airlines,SALLINE,Romania,N
JLH,"",Jetlink Holland,"",Netherlands,N
JMX,"",Air Jamaica Express,JAMAICA EXPRESS,Jamaica,N
JNA,LJ,Jin Air,Jin Air,South Korea,Y
JOY,JR,Joy Air,JOY AIR,China,Y
JWW,"",JetWind,Jetwind,United States,N
KIW,"",Royal New Zealand Air Force,KIWI,New Zealand,N
KKB,"",Air South,KHAKI BLUE,United States,N
KKS,"",Salem,KOKSHE,Kazakhstan,N
KRT,"",Air Kokshetau,KOKTA,Kazakhstan,N
KSI,"",Air Kissari,KISSARI,Angola,N
KYC,"",Av Atlantic,DOLPHIN,United States,N
LBC,LV,Albanian Airlines,ALBANIAN,Albania,Y
LDE,"",LADE - Lineas Aereas Del Estado,LADE,Argentina,N
LDG,"",Aerolineas Aereas Ejecutivas De Durango,DURANGO,Mexico,N
LDL,"",Aerologic,"",Russia,N
LEJ,"",FSH Luftfahrtunternehmen,LEIPZIG FAIR,Germany,N
LIV,"",Air Livonia,LIVONIA,Estonia,N
LJJ,L4,Luchsh Airlines ,russian sky,Russia,Y
LKN,IK,Lankair,Lankair,Sri Lanka,N
LMJ,"",Masterjet,MASTERJET,Portugal,N
LNE,XL,Aerolane,LAN ECUADOR,Ecuador,Y
LNX,"",London Executive Aviation,LONEX,United Kingdom,N
LOC,ZQ,Locair,LOCAIR,United States,Y
LOD,"",Malmoe Air Taxi,LOGIC,Sweden,N
LOV,"",London Flight Centre (Stansted),LOVEAIR,United Kingdom,N
LPD,"",UK Royal/HRH Duke of York,LEOPARD,United Kingdom,N
LPV,A6,Air Alps Aviation,ALPAV,Austria,N
LRC,LR,LACSA,LACSA,Costa Rica,Y
LVT,"",La Valenciana Taxi Aereo,TAXIVALENCIANA,Mexico,N
LWD,"",Leisure Air,LEISURE WORLD,United States,N
MAX,"",Max-Aviation,MAX AVIATION,Canada,N
MAZ,"",Mines Air Services Zambia,MINES,Zambia,N
MBS,"",Mbach Air,MBACHI AIR,Malawi,N
MCF,"",MAC Fotografica,MAC FOTO,Spain,N
MCV,"",MTC Aviacion,MTC AVIACION,Mexico,N
MDG,MD,Air Madagascar,AIR MADAGASCAR,Madagascar,Y
MEC,"",Mercury Aircourier Service,MERCAIR,United States,N
MGE,"",Asia Pacific Airlines,MAGELLAN,United States,N
MIZ,"",Desarrollo Milaz,MILAZ,Mexico,N
MKK,"",Malaya Aviatsia Dona,AEROKEY,Russia,N
MLU,"",Zracno Pristaniste Mali Losinj,MALI LOSINJ,Croatia,N
MNH,"",Monarch Airlines,MONARCH AIR,United States,N
MOR,"",Aerolineas De Morelia,AEROMORELIA,Mexico,N
MPS,"",Metroplis,METRO REGIONAL,Netherlands,N
MRI,"",Servicios Aereos Moritani,MORITANI,Mexico,N
MRT,MR,Air Mauritanie,MIKE ROMEO,Mauritania,N
MRW,6V,Mars RK,AVIAMARS,Ukraine,N
MSC,"",Air Cairo,"",Egypt,N
MSN,"",Missionair,MISIONAIR,Spain,N
MTX,"",Multi Taxi,MULTITAXI,Mexico,N
MVI,"",Metro Business Aviation,"",United Kingdom,N
MXL,8M,Maxair,MAXAIR,Sweden,Y
NAE,"",Nations Air Express Inc,NATIONS EXPRESS,United States,N
NAI,"",North Adria Aviation,NORTH-ADRIA,Croatia,N
NAM,"",Nortland Air Manitoba,MANITOBA,Canada,N
NAX,DY,Norwegian Air Shuttle,NOR SHUTTLE,Norway,Y
NDS,"",Nordstree (Australia),"",Australia,N
NIR,"",Norsk Flyrjeneste,NORSEMAN,Norway,N
NPR,"",Air Napier,"",New Zealand,N
NRT,"",Norestair,NORESTAIR,Spain,N
NTD,"",Aero Norte,"",Mexico,N
NTV,"",Air Inter Ivoire,INTER-IVOIRE,Ivory Coast,N
NVR,1I,Novair,NAVIGATOR,Sweden,Y
OAX,"",Operational Aviation Services,"",Australia,N
OCM,UQ,O'Connor Airlines,OCONNOR,Australia,N
ODY,"",Odyssey International,ODYSSEY,Canada,N
OGI,"",Aerogisa,AEROGISA,Mexico,N
OKA,"",Okay Airways,OKAYJET,China,N
OLA,OJ,Overland Airways,OVERLAND,Nigeria,Y
OLO,"",Soloflight,SOLO,United Kingdom,N
OLS,"",Sol Lineas Aereas,FLIGHT SOL,Argentina,Y
ORJ,"",Orange Air Sierra Leone,ORANGE SIERRA,Sierra Leone,N
OTN,"",LASTP,LASTP,S,N
OXE,"",Oxaero,OXOE,United Kingdom,N
PBA,9Q,PB Air,PEEBEE AIR,Thailand,Y
PBT,"",Air Parabet,PARABET,Bangladesh,N
PCE,Y5,Pace Airlines,PACE,United States,N
PCJ,"",Pacific Jet,PACIFIC JET,United States,N
PDD,"",Phillips Alaska,PADA,United States,N
PDT,PI,Piedmont Airlines (1948-1989),PIEDMONT,United States,Y
PFZ,"",Propflight Air Services,PROFLIGHT-ZAMBIA,Zambia,N
PHN,"",Phoenix Air Lines,PHOENIX BRASIL,Brazil,N
PJS,"",Jet Aviation,JETAVIATION,Switzerland,N
PKV,"",Псковавиа,"",Russia,Y
PMC,"",Primas Courier,PRIMAC,United States,N
PNF,PQ,Panafrican Airways,PANWAYS,Ivory Coast,N
PNH,"",Panh,KUBAN LIK,Russia,N
POC,"",Pocono Air Lines,POCONO,United States,N
POV,"",Meridian,AIR POLTAVA,Ukraine,N
PPH,"",Polizeihibschrauberstaffel Neidersachsen,POLICE PHOENIX,Germany,N
PSS,"",TSSKB-Progress,PROGRESS,Russia,N
PSW,"",Pskovavia,PSKOVAVIA,Russia,N
PTI,"",Privatair,PRIVATAIR,Switzerland,Y
PTP,GP,Palau Trans Pacific Airline,TRANS PACIFIC,Palau,N
PTR,"",Nova Scotia Department of Lands and Forests,PATROL,Canada,N
PTT,"",Promotora Industria Totolapa,TOTOLAPA,Mexico,N
PTY,"",Petty Transport,PETTY,United States,N
PVO,"",Bearing Supplies Limited,PROVOST,United Kingdom,N
PXA,"",Pecotox Air,PECOTOX,Moldova,N
RAT,"",Chief Rat Flight Services,RIVERRAT,South Africa,N
RBG,E5,Air Arabia Egypt,"",Egypt,Y
RBW,"",Shandong Airlines Rainbow Jet,CAI HONG,China,N
RCC,"",Air Charters Eelde,RACER,Netherlands,N
RCT,"",Ryan Air Service,ARCTIC TRANPORT,United States,N
REF,"",Reef Air,REEF AIR,New Zealand,N
RGN,"",Cygnus Air,CYGNUS AIR,Spain,N
RGP,"",River State Government of Nigeria,GARDEN CITY,Nigeria,N
RLK,"",Air Nelson,"",New Zealand,N
RLR,"",Business Airfreight,RATTLER,United States,N
RLZ,"",Air Alize,ALIZE,France,N
RMX,"",Air Max,AEROMAX,Bulgaria,N
RSF,"",Royal Saudi Air Force,ARSAF,Saudi Arabia,N
RSH,S2,Air Sahara,SAHARA,India,Y
RSL,SL,Rio Sul Servi,RIO SUL,Brazil,N
RUH,"",Rusich-T,"",Russia,N
SAP,"",Avia Jaynar,TOBOL,Kazakhstan,N
SBQ,"",Smithkline Beacham Clinical Labs,SKIBBLE,United States,N
SCF,"",Socofer,SOCOFER,Angola,N
SCJ,"",Business Jet Sweden,SCANJET,Sweden,N
SCK,"",Sky Cam,SKYCAM,France,N
SDM,FV,Rossiya-Russian Airlines,PULKOVO,Russia,Y
SDR,CF,City Airline,SWEDESTAR,Sweden,Y
SER,JR,Aero California,AEROCALIFORNIA,Mexico,N
SFA,"",SEFA,SEFA,France,N
SGA,"",Air Saigon,AIR SAIGON,Vietnam,N
SGB,"",Sky King,SONGBIRD,United States,N
SGU,"",Samgau,RAUSHAN,Kazakhstan,N
SHJ,"",Sharjah Ruler's Flight,SHARJAH,United Arab Emirates,N
SHQ,"",Shanghai Airlines Cargo,SHANGHAI CARGO,China,N
SIB,5M,Sibaviatrans,SIBAVIA,Russia,Y
SIO,"",Sirio,SIRIO,Italy,N
SKK,"",Skylink Aviation,SKYLINK,Canada,N
SLC,SO,Salsa d\\'Haiti,SALSA,Haiti,Y
SLD,"",Silver Air,SILVERLINE,Czech Republic,N
SLL,6Q,Slovak Airlines,SLOV LINE,Slovakia,N
SNA,"",Senator Aviation Charter,SENATOR,Germany,N
SNJ,6J,Skynet Asia Airways,NEWSKY,Japan,Y
SOM,"",Somali Airlines,SOMALAIR,Somali Republic,N
SPB,"",Springbok Classic Air,SPRING CLASSIC,South Africa,N
SPQ,"",Servicios Aereos Palenque,SERVICOS PALENQUE,Mexico,N
SQF,"",Slovak Air Force,SLOVAK AIRFORCE,Slovakia,N
SQH,K5,SeaPort Airlines,SASQUATCH,United States,Y
SRA,"",Sair Aviation,SAIR,Canada,N
SRH,FT,Siem Reap Airways,SIEMREAP AIR,Cambodia,Y
SRQ,DG,South East Asian Airlines,SEAIR,Philippines,Y
SSG,"",Slovak Government Flying Service,SLOVAK GOVERNMENT,Slovakia,N
STC,"",Stadium City Limited,STADIUM,United Kingdom,N
STP,8F,STP Airways,SAOTOME AIRWAYS,Sao Tome and Principe,Y
STT,"",Air St. Thomas,PARADISE,United States,N
SUA,"",Silesia Air,AIR SILESIA,Czech Republic,N
SVE,"",Aero Servicios Expecializados,AEROESPECIAL,Mexico,N
SVM,"",Aeroservicios Monterrey,SERVIMONTE,Mexico,N
SVN,"",Savanair (Angola),SAVANAIR,Angola,N
SWW,S8,Shovkoviy Shlyah,WAY AERO,Ukraine,N
SWX,"",Swazi Express Airways,SWAZI EXPRESS,Swaziland,N
SWZ,"",Servair, Private Charter,SWISSBIRD,N
SXC,"",Sky Exec Aviation Services,SKY EXEC,Nigeria,N
SYY,"",South African Historic Flight,SKY COACH,South Africa,N
TAD,"",Tranporte Aereo Dominicano,TRANS DOMINICAN,Dominican Republic,N
TAU,"",Transportes Aereos Tauro,TRANSTAURO,Mexico,N
TCE,"",Trans-Colorado Airlines,TRANS-COLORADO,United States,N
TCY,"",Twin Cities Air Service,TWIN CITY,United States,N
TDX,"",Tradewinds Airlines,TRADEWINDS EXPRESS,United States,N
TEH,"",Tempelhof Airways,TEMPELHOF,United States,N
TES,"",TAES Transportes Aereos de El Salvador,TAES,El Salvador,N
TFK,"",Transafrik International,"",Sao Tome and Principe,N
TFN,"",Norwegian Aviation College,SPRIT,Norway,Y
TGN,"",Trigana Air Service,TRIGANA,Indonesia,Y
THE,"",Toumai Air Tchad,TOUMAI AIR,Chad,N
TIP,"",C and M Aviation,TRANSPAC,United States,N
TIS,"",Tesis,TESIS,Russia,N
TLA,"",Translift Airways,TRANSLIFT,Ireland,Y
TLT,"",Turtle Airways,TURTLE,Fiji,N
TMP,"",Arizona Express Airlines,TEMPE,United States,N
TNP,"",Transped Aviation,TRANSPED,Austria,N
TNU,M8,TransNusa Air,TRANSNUSA,Indonesia,Y
TNV,"",Transnorthern,TRANSNORTHERN,United States,N
TOK,CG,Airlines PNG,BALUS,Papua New Guinea,Y
TON,"",Aero Tanala,AEROTANALA,Mexico,N
TOW,FF,Tower Air,TEE AIR,United States,N
TP6,T6,Trans Pas Air,"",United States,Y
TPP,"",Transpac Express,TRANS EXPRESS,Australia,N
TSD,"",TAF-Linhas Aereas,TAFI,Brazil,N
TSN,"",Trans-Air Services,AIR TRANS,Nigeria,N
TSQ,"",airtransse,AIRTRA,Japan,N
TSX,T9,Thai Star Airlines,THAI STAR,Thailand,N
TVJ,"",Thai Vietjet Air,THAIVIET JET,Thailand,Y
TZA,"",Aero Tomza,AERO TOMZA,Mexico,N
UAJ,"",University Air Squadron,"",United Kingdom,N
UJR,"",Universal Jet Rental de Mexico,UNIVERSAL JET,Mexico,N
UKL,"",Ukraine Air Alliance,UKRAINE ALLIANCE,Ukraine,N
UKM,UF,UM Airlines,UKRAINE MEDITERRANEE,Ukraine,Y
UKR,6U,Air Ukraine,AIR UKRAINE,Ukraine,N
USB,"",Tusheti,TUSHETI,Georgia,N
USK,"",Skif-Air,SKIF-AIR,Ukraine,N
UVM,"",Uvavemex,UVAVEMEX,Mexico,N
UZA,"",Constanta Airline,CONSTANTA,Ukraine,N
VAS,V8,ATRAN Cargo Airlines,ATRAN,Russian Federation,Y
VCT,"",Viscount Air Service,VISCOUNT AIR,United States,N
VEA,"",Vega Airlines,VEGA AIRLINES,Bulgaria,N
VIR,VS,Virgin Atlantic Airways,VIRGIN,United Kingdom,Y
VLL,"",RAF Valley SAR Training Unit,"",United Kingdom,N
VOA,VM,Viaggio Air,VIAGGIO,Bulgaria,N
VRO,"",Aerovitro,AEROVITRO,Mexico,N
VXX,"",Aviaexpress Aircompany,EXPRESSAVIA,Ukraine,N
WAB,"",Aero Industries Inc,WABASH,United States,N
WDK,"",Oxford Air Services,WOODSTOCK,United Kingdom,N
WIF,WF,Widerøe,WIDEROE,Norway,Y
WRC,"",Wind Rose Aviation,WIND ROSE,Ukraine,Y
WRF,8V,Wright Air Service,WRIGHT FLYER,United States,N
WRR,"",WRA Inc,WRAP AIR,United States,N
WTA,FK,Africa West,WEST TOGO,Togo,Y
WYC,"",Wycombe Air Centre,WYCOMBE,United Kingdom,N
XBG,"",City of Bangor,"",United States,N
XMR,"",Irish Aviation Authority,AUTHORITY,Ireland,N
XMX,"",SENEAM,SENEAM,Mexico,N
ZZM,"",Agence Nationale des Aerodromes et de la Meteorologie,"",Ivory Coast,N
AAR,OZ,Asiana Airlines,ASIANA,Republic of Korea,Y
AAS,4K,Askari Aviation,AL-AAS,Pakistan,Y
ABA,"",Artem-Avia,ARTEM-AVIA,Ukraine,N
ABB,"",African Business and Transportations,AFRICAN BUSINESS-,Democratic Republic of the Congo,N
ABP,"",Aba Air,BAIR,Czech Republic,N
ABV,04,Antrak Air,ANTRAK,Ghana,N
AEA,UX,Air Europa,EUROPA,Spain,Y
AEJ,"",Air Express,KHAKI EXPRESS,Tanzania,N
AEM,"",Aero Madrid,AEROMADRID,Spain,N
AEU,5W,Astraeus,FLYSTAR,United Kingdom,Y
AFK,"",Africa Air Links,AFRICA LINKS,Sierra Leone,N
AHC,"",Azal Avia Cargo,AZALAVIACARGO,Azerbaijan,N
AIU,"",Alicante Internacional Airlines,ALIA,Spain,N
AJJ,"",A2 Jet Leasing,ATLANTIC JET,United States,N
AJK,"",Allied Air,BAMBI,Nigeria,N
AJV,"",ANA & JP Express,AYJAY CARGO,Japan,N
AL2,A2,All America,"",United States,Y
AMG,"",Air Minas Linhas A,AIR MINAS,Brazil,N
ANO,TL,Airnorth,TOPEND,Australia,Y
APL,"",Appalachian Flying Service, Inc.,APPALACHIAN,N
AQA,"",Aeroatlas, S.A.,ATCO,N
ARH,"",Arrowhead Airways,ARROWHEAD,United States,N
ARQ,"",Armstrong Air, Inc.,ARMSTRONG,N
ASQ,EV,Atlantic Southeast Airlines,ACEY,United States,Y
ATN,8C,Air Transport International,AIR TRANSPORT,United States,N
ATQ,"",Air Transport Schiphol,MULTI,Netherlands,N
AWY,"",Aeroway, S.L.,AEROWEE,N
AYN,"",Atlantic Airlines, S.A.,ATLANTIC NICARAGUA,N
BBA,"",Bannert Air,BANAIR,Austria,N
BBD,BF,Bluebird Cargo,BLUE CARGO,Iceland,N
BEC,"",State Air Company Berkut,"",Kazakhstan,N
BED,"",Belgorod Aviation Enterprise,BELOGORYE,Russia,N
BEH,"",Bel Air Helicopters,BLUECOPTER,Denmark,N
BES,W4,Aero Services Executive,BIRD EXPRESS,France,N
BFC,"",Basler Flight Service,BASLER,United States,N
BG1,1K,BudgetAir,"",Germany,Y
BGR,"",Budget Air Bangladesh,BUDGET AIR,Bangladesh,N
BHC,"",Aerotaxis De La Bahia,BAHIA,Mexico,N
BJT,"",ACM Aviation,BAY JET,United States,N
BLK,"",Westcoast Energy,BLUE FLAME,Canada,N
BLN,"",Bali International Air Service,BIAR,Indonesia,N
BMI,WW,bmibaby,BABY,United Kingdom,Y
BMW,"",BMW,BMW-FLIGHT,Germany,N
BNI,"",Alberni Airways,ALBERNI,Canada,N
BNZ,"",Aerolineas Bonanza,AERO BONANZA,Mexico,N
BOA,"",Boniair,KUMANOVO,Macedonia,N
BSM,"",Blue Sky Aviation,"",Lebanon,N
BXS,"",Spantax S.A.,"",Spain,N
CAD,"",Chilliwack Aviation,CHILLIWACKAIR,Canada,N
CBM,"",Cherokee Express,BLUE MAX,United States,N
CBT,"",Catalina Flying Boats,CATALINA AIR,United States,N
CBV,"",Aero Cabo,CABOAEREO,Mexico,N
CEP,"",Chipola Aviation,CHIPOLA,United States,N
CGA,"",Congressional Air,CONGRESSIONAL,United States,N
CHB,PN,West Air China,WEST CHINA,China,Y
CHL,"",Cohlmia Aviation,COHLMIA,United States,N
CHM,"",Chemech Aviation,"",Pakistan,N
CHO,"",Chrome Air Services,CHROME AIR,United States,N
CHP,6A,Consorcio Aviaxsa,AVIACSA,Mexico,Y
CHQ,RP,Chautauqua Airlines,CHAUTAUQUA,United States,Y
CHW,"",Charter Air,CHARTER WIEN,Austria,Y
CIR,5F,Arctic Circle Air Service,AIR ARCTIC,United States,N
CIU,A2,Cielos Airlines,CIELOS,Peru,N
CJT,W8,Cargojet Airways,CARGOJET,Canada,N
CKC,"",CKC Services,"",United States,N
CLP,"",Aero Club De Portugal,CLUB PORTUGAL,Portugal,N
CLW,C0,Centralwings,CENTRALWINGS,Poland,Y
CMJ,"",Mudanjiang General Aviation,MUDANJIANG,China,N
CMN,"",Eckles Aircraft,CIMMARON AIRE,United States,N
CMY,"",Cape Smythe Air,CAPE SMYTHE AIR,United States,N
CNF,"",Canaryfly,"",Spain,Y
CNG,"",Coastal Airways,SID-AIR,United States,N
CNL,"",Centennial Airlines,WYO-AIR,United States,N
CNO,"",SAS Braathens,SCANOR,Norway,Y
COL,"",Columbia Airlines,COLAIR,Canada,N
COV,"",Helicentre Coventry,HELICENTRE,United Kingdom,N
CPW,"",Chippewa Air Commuter,CHIPPEWA-AIR,United States,N
CRC,"",Conair Aviation,CONAIR-CANADA,Canada,N
CRV,"",Cargo Ivoire,CARGOIV,Ivory Coast,N
CSN,CZ,China Southern Airlines,CHINA SOUTHERN,China,Y
CTH,"",China General Aviation Corporation,TONGHANG,China,N
CVC,J7,Centre-Avia,AVIACENTRE,Russia,N
CWE,"",Celtic West,CELTIC,United Kingdom,N
CWU,"",Wuhan Airlines,WUHAN AIR,China,N
CYF,"",Company Flight,COMPANY FLIGHT,Denmark,N
CZV,6V,Via Conectia Airlines,"",Uruguay,Y
DAC,"",McDonnell Douglas,DACO,United States,N
DAM,"",Kyrgyzstan Department of Aviation,FLIGHT RESCUE,Kyrgyzstan,N
DC2,KZ,Dense Connection,DC2,United States,Y
DCX,"",Daimler-Chrysler,DAIMLER,United States,N
DET,"",DETA Air,SAMAL,Kazakhstan,N
DFS,"",Dwyer Aircraft Services,DWYAIR,United States,N
DHK,"",DHL Air,WORLD EXPRESS,United Kingdom,N
DLS,"",Aero Modelo,AEROMODELO,Mexico,N
DOC,"",Norsk Luftambulanse,HELIDOC,Norway,N
DON,"",Donair Flying Club,DONAIR,United Kingdom,N
DWD,DW,Deutsche Luftverkehrsgesellschaft (DLT),"",Germany,N
EBE,"",Minebea Technologies,MINEBEA,United States,N
ECA,UI,Eurocypria Airlines,EUROCYPRIA,Cyprus,Y
ECY,"",Euroceltic Airways,ECHELON,United Kingdom,N
EGS,"",Eagles Airlines,EAGLES,Italy,Y
EIJ,"",Efata Papua Airlines,EFATA,Indonesia,N
EIR,"",Eirjet,EIRJET,Ireland,N
EJA,1I,NetJets,EXECJET,United States,Y
EJM,"",Executive Jet Management,JET SPEED,United States,N
ELV,"",Transportes Aereos Nacionales De Selva Tans,AEREOS SELVA,Peru,N
EMS,"",Aero Servicios Empresariales,SERVIEMPRESARIAL,Mexico,N
EMT,"",Emetebe,EMETEBE,Ecuador,N
EPC,"",Espace Aviation Services,ESPACE,Democratic Republic of the Congo,N
EPL,"",Aero Transportes Empresariales,EMPRESARIALES,Mexico,N
EUY,"",EU Airways,EUROAIRWAYS,Ireland,N
EVE,"",Air Evex,SUNBEAM,Germany,N
EWG,EW,Eurowings,EUROWINGS,Germany,Y
EXN,"",Exin,EXIN,Poland,N
FAF,"",Force Aerienne Francaise,FRENCH AIR FORCE,France,N
FAZ,"",Flint Aviation Services,FLINT AIR,United States,N
FBF,"",Fine Airlines,FINE AIR,United States,N
FCN,"",Falcon Air,FALCON,Sweden,N
FCV,"",Flight Centre Victoria,NAVAIR,Canada,N
FEI,"",Eagle Air Iceland,ARCTIC EAGLE,Iceland,N
FFL,"",Intavia Limited,"",United Kingdom,N
FGA,"",Georgian Aviation Federation,GEORGIA FED,Georgia,N
FGN,"",Gendarmie Nationale,FRANCE GENDARME,France,N
FLK,"",Flylink Express,FLYLINK,Spain,N
FLM,F2,Fly Air,FLY WORLD,Turkey,N
FLX,"",Flight Express,FLIGHT EXPRESS,United States,N
FMG,"",FMG Verkehrsfliegerschule Flughafen Paderborn-Lippstadt,HUSKY,Germany,N
FMY,"",Aviation Legere De L'Armee De Terre,FRENCH ARMY,France,N
FNT,"",L-3 Communications Flight Internation Aviation,FLIGHT INTERNATIONAL,United States,N
FNV,"",Transaviaservice,TRANSAVIASERVICE,Georgia,N
FPR,"",Peruvian Air Force,"",Peru,N
FRW,"",Farwest Airlines,FARWEST,United States,N
FWA,I4,Interstate Airline,FREEWAYAIR,Netherlands,N
FWC,"",Freeway Air,FREEWAY,Netherlands,N
FXX,FU,Felix Airways,"",Yemen,Y
FYS,"",American Flyers,AMERICAN FLYERS,United States,N
GAN,"",Gander Aviation,GANAIR,Canada,N
GAS,"",Galena Air Service,GALENA AIR SERVICE,United States,N
GBX,"",GB Airlink,ISLAND TIGER,United States,N
GCK,"",Aerogem Cargo,AEROGEM,Ghana,N
GGF,"",Georgian Cargo Airlines Africa,GEORGIAN AFRICA,Senegal,N
GLF,"",Gulfstream Aerospace,GULFSTREAM TEST,United States,N
GLP,GH,Globus,"",Russia,Y
GNC,"",Guinea Cargo,GUINEA CARGO,Equatorial Guinea,N
GNX,"",Genex,"",Belarus,N
GNY,"",German Navy,GERMAN NAVY,Germany,N
GOD,GD,GoDutch,"",Netherlands,N
GOF,"",Gof-Air,GOF-AIR,Mexico,N
GOM,"",Gomel Airlines,GOMEL,Belarus,N
GRN,E2,Rio Grande Air,GRANDE,United States,N
GRZ,"",Government of Zambia Communications Flight,COM FLIGHT,Zambia,N
GTH,"",General Aviation Flying Services,GOTHAM,United States,N
HA1,H1,Hankook Air US,"",United States,Y
HAJ,"",Hajvairy Airlines,HAJVAIRY,Pakistan,N
HBH,"",Hebei Airlines,Hebei Air,China,Y
HEN,"",Helicopteros Y Vehiculos Nacionales Aereos,HELINAC,Mexico,N
HGH,"",Atlantic Air Lift,HIGHER,France,N
HIT,"",Helitalia,HELITALIA,Italy,N
HSO,"",Campania Helicopteros De Transporte,HELIASTURIAS,Spain,N
HST,"",Hellenic Star Airways,Hellenic Star,Greece,N
HSU,"",Helisul,HELIS,Portugal,N
IDL,"",Ildefonso Redriguez,ILDEFONSO,Mexico,N
IGN,"",Interguide Air,DIVINE AIR,Nigeria,N
IHS,"",Thryluthjonustan,"",Iceland,N
IIG,"",International Company for Transport, Trade and Public Works,ALDAWLYH AIR,N
IME,"",Airtime Charters,AIRTIME,United Kingdom,N
IPT,"",Interport Corporation,INTERPORT,United States,N
IPV,PA,Parmiss Airlines (IPV),IPV,Iran,Y
ISS,IG,Meridiana,MERAIR,Italy,Y
ITW,"",Inter Air,INTER WINGS,Bulgaria,N
IVW,"",Ivoire Airways,IVOIRAIRWAYS,Ivory Coast,N
JAK,"",Jana-Arka,YANZAR,Kazakhstan,N
JAT,JU,Jat Airways,JAT,Serbia,N
JAX,"",Janair,JANAIR,United States,N
JCB,"",J C Bamford (Excavators),JAYSEEBEE,United Kingdom,N
JFC,"",LTV Jet Fleet Corporation,JET-FLEET,United States,N
JFK,"",Keenair Charter -,KEENAIR,United Kingdom,N
JIA,"",PSA Airlines,BLUE STREAK,United States,N
JMT,"",Jomartaxi Aereo,JOMARTAXI,Mexico,N
JTT,"",Jet-2000,MOSCOW JET,Russia,N
JUR,"",Ju-Air,JUNKERS,Switzerland,N
KAE,"",Kartika Airlines,KARTIKA,Indonesia,N
KAM,"",Air Mach,ICO-AIR,Italy,N
KAS,"",Kingston Air Services,KINGSTON AIR,Canada,N
KDR,"",Royal Daisy Airlines,DARLINES,Uganda,N
KEE,BZ,Keystone Air Services,KEYSTONE,Canada,N
KES,"",Kallat El Saker Air Company,KALLAT EL SKER,Libya,N
KGA,R8,Kyrgyzstan Airlines,KYRGYZ,Kyrgyzstan,N
KKK,KK,Atlasjet,ATLASJET,Turkey,Y
KMF,RQ,Kam Air,KAMGAR,Afghanistan,Y
KNS,"",Kinshasa Airways,KINSHASA AIRWAYS,Democratic Republic of the Congo,N
KRO,"",Kroonk Air Agency,KROONK,Ukraine,N
KTK,"",Katekavia,KATEKAVIA,Russia,N
KTL,"",P & P Floss Pick Manufacturers,KNOTTSBERRY,South Africa,N
KYM,"",Krym,CRIMEA AIR,Ukraine,N
KZM,"",Phoebus Apolloa Zambia,CARZAM,Zambia,N
KZW,"",Khalifa Airways,KHALIFA AIR,Algeria,N
LAB,JF,L.A.B. Flying Service,LAB,United States,N
LAV,"",AlbaStar,"",Spain,Y
LCC,"",The Lancair Company,LANCAIR,United States,N
LCD,ZE,Lineas Aereas Azteca,LINEAS AZTECA,Mexico,N
LCN,"",Lineas Aereas Canedo LAC,CANEDO,Bolivia,N
LCO,"",LAN Cargo,LAN CARGO,Chile,N
LDI,"",Lauda Air Italy,LAUDA ITALY,Italy,N
LEG,"",The Army Aviation Heritage Foundation,LEGACY,United States,N
LET,"",Aerolineas Ejecutivas,MEXEJECUTIV,Mexico,N
LFE,"",Luxflight Executive,LUX EXPRESS,Luxembourg,N
LJA,"",Air Jamahiriya Company,AIR JAMAHIRIYA,Libya,N
LLB,LB,Lloyd Aereo Boliviano,LLOYDAEREO,Bolivia,N
LMG,"",South African Air Force,SOUTH AFRICAN,South Africa,N
LMX,"",Aerolineas Mexicanas J S,LINEAS MEXICANAS,Mexico,N
LNI,JT,Lion Mentari Airlines,LION INTER,Indonesia,Y
LOT,LO,LOT Polish Airlines,POLLOT,Poland,Y
LRR,"",Lorraine Aviation,LORRAINE,France,N
LSK,"",Aurela,AURELA,Lithuania,N
LTW,"",Luchtvaartmaatschappij Twente,TWENTAIR,Netherlands,N
LUK,"",LUKoil-Avia,LUKOIL,Russia,N
LXR,LK,Air Luxor,AIRLUXOR,Portugal,Y
MAA,M7,MasAir,MAS CARGA,Mexico,Y
MAD,"",Maple Air Services,MAPLE AIR,Canada,N
MBL,"",First City Air,FIRST CITY,United Kingdom,N
MDA,AE,Mandarin Airlines,Mandarin,Taiwan,Y
MDM,"",Medavia Company,MEDAVIA,Malta,N
MDS,"",McNeely Charter Services,MID-SOUTH,United States,N
MER,"",Methow Aviation,METHOW,United States,N
MHC,"",Aero Jomacha,AERO JOMACHA,Mexico,N
MLB,"",Manaf International Airways,MANAF,Burundi,N
MNG,M0,Aero Mongolia,AERO MONGOLIA,Mongolia,N
MNT,"",Montserrat Airways,MONTSERRAT,Montserrat,N
MOC,"",Air Monarch Cargo,MONARCH CARGO,Mexico,N
MRA,"",Martinaire,MARTEX,United States,N
MRP,"",Abas,ABAS,Czech Republic,N
MSE,"",EgyptAir Express,EGYPTAIR EXPRESS,Egypt,Y
MTI,"",Monerrey Air Taxi,MONTERREY AIR,Mexico,N
MVA,"",Mississippi Valley Airways,VALAIR,United States,N
MVL,H5,Mavial Magadan Airlines,Mavial,Russia,N
NBE,"",Novosibirsk Aviaenterprise,NAKAIR,Russia,N
NBN,"",North British Airlines,TEESAIR,United Kingdom,N
NCH,"",Chanchangi Airlines,CHANCHANGI,Nigeria,N
NES,JH,Nordeste Linhas Aereas Regionais,NORDESTE,Brazil,N
NEZ,"",New England Air Express,ENGAIR,United States,N
NFA,M3,North Flying,NORTH FLYING,Denmark,N
NIG,AJ,Aero Contractors,AEROLINE,Nigeria,Y
NIT,"",Midwest Aviation,NIGHTTRAIN,United States,N
NJC,"",Nashville Jet Charters,NASHVILLE JET,United States,N
NKS,NK,Spirit Airlines,SPIRIT WINGS,United States,Y
NLL,"",Northafrican Air Transport,NORTHAFRICAN AIR,Libya,N
NOV,M4,Nova Airline,NOVANILE,Sudan,N
NSK,"",Air Intersalonika,INTERSALONIKA,Greece,N
NTE,"",Interaire,INTERMEX,Mexico,N
NVA,"",Nile Valley Aviation Company,"",Egypt,N
NWG,"",Airwing,NORWING,Norway,N
NXF,"",Nextflight Aviation,NEXTFLIGHT,United States,N
NXS,"",Nexus Aviation,NEXUS AVIATION,Nigeria,N
NYA,"",Nanyah Aviation,NANYAH,Israel,N
NYS,"",Nyasa Express,NYASA,Malawi,N
OBT,"",Orbit Airlines,Orbit,United States,Y
ONR,"",Air One Nine,EDER,Libya,N
ORB,R2,Orenburg Airlines,ORENBURG,Russia,Y
OSA,"",Open Sky Aviation,"",Lebanon,N
OVI,"",Aerovias Ejecutivas,VIAS EJECUTIVAS,Mexico,N
OZJ,O7,Ozjet Airlines,AUSJET,Australia,Y
PAC,PO,Polar Air Cargo,POLAR,United States,N
PAD,"",Professional Express Courier Service,AIR PROFESSIONAL,United States,N
PBN,DJ,Pacific Blue,BLUEBIRD,New Zealand,N
PCK,"",Air Pack Express,AIRPACK EXPRESS,Spain,N
PEC,Q8,Pacific East Asia Cargo Airlines,PAC-EAST CARGO,Philippines,Y
PEM,"",Pem-Air,PEM-AIR,Canada,N
PHC,"",Petroleum Helicopters de Colombia,HELICOPTERS,Colombia,N
PHL,"",Phillips Michigan City Flying Service,PHILLIPS,United States,N
PHY,"",Phoenix Avia,PHOENIX ARMENIA,Armenia,N
PLT,"",South Carolina Aeronautics Commission,PALMETTO,United States,N
PLY,"",Puma Linhas Aereas,PUMA BRASIL,Brazil,N
PLZ,"",Planet Airways,PLANET,United States,N
PNE,"",Peninter Aerea,PENINTER,Mexico,N
POT,"",Polet,POLET,Russia,Y
POW,"",Hagondale Limited,AIRNET,United Kingdom,N
PPL,OP,Air Pegasus,"",India,Y
PRZ,AD,Air Paradise International,RADISAIR,Indonesia,N
PSG,"",Aviones Para Servirle,SERVIAVIONES,Mexico,N
PSP,"",Publiservicios Aereos,PUBLISERVICIOS,Mexico,N
PUT,"",Aeroput,"",Serbia,N
QKC,"",Aero Taxi Aviation,QUAKER CITY,United States,N
QNZ,"",JetConnect,QANTAS JETCONNECT,New Zealand,N
QTR,QR,Qatar Airways,QATARI,Qatar,Y
RBY,V2,Vision Airlines (V2),RUBY,United States,Y
RCP,"",Aerocorp,AEROCORPSA,Mexico,N
RCY,"",Package Express,RACE CITY,United States,N
RDE,"",II Lione Alato Arl,FLIGHT RED,United Kingdom,N
RDP,"",Eurojet Romania,JET-ARROW,Romania,N
RDV,"",Red Sea Aviation,RED AVIATION,Egypt,N
RFD,"",Aerotransportes Rafilher,RAFHILER,Mexico,N
RFR,RR,Royal Air Force,RAFAIR,United Kingdom,N
RIC,"",Richardson's Airway,RICHARDSON,United States,N
RJD,"",Rotana Jet,ROTANA,United Arab Emirates,Y
RKM,"",RAK Airways,RAKAIR,United Arab Emirates,N
RMI,"",Point Airlines,POINT AIRLINE,Nigeria,N
RNM,"",Aeronem Air Cargo,AEROMNEM,Ecuador,N
RRE,"",Aerotransportes Internacionales De Torreon,AERO TORREON,Mexico,N
RSN,"",Royal Swazi National Airways,SWAZI NATIONAL,Swaziland,N
RSV,"",Red Sky Ventures,RED SKY,Namibia,N
RTH,"",Artis,ARTHELICO,France,N
RVP,"",Air VIP,AEROVIP,Portugal,N
RVV,"",Reeve Aleutian Airways,REEVE,United States,N
RWG,"",C&M Airways,RED WING,United States,N
RWS,"",Air Whitsunday,"",Australia,N
RZR,"",Zephyr Express,RECOVERY,United States,N
SAF,"",Republic of Singapore Air Force,SINGA,Singapore,N
SAL,S0,Spike Airlines,Spike Air,United States,Y
SBJ,"",Trans Sahara Air,TRANS SAHARA,Nigeria,N
SCA,"",South Central Air,SOUTH CENTRAL,United States,N
SCX,SY,Sun Country Airlines,SUN COUNTRY,United States,Y
SDO,EX,Air Santo Domingo,AERO DOMINGO,Dominican Republic,N
SEJ,SG,Spicejet,SPICEJET,India,Y
SEM,"",Cape Central Airways,SEMO,United States,N
SGX,"",Saga Airlines,"",Turkey,N
SGY,N5,Skagway Air Service,SKAGWAY AIR,United States,Y
SHL,"",Samson Aviation,SAMSON,United Kingdom,N
SIA,SQ,Singapore Airlines,SINGAPORE,Singapore,Y
SII,"",Aero Servicios Ejecutivos Internacionales,ASEISA,Mexico,N
SKU,H2,Sky Airline,AEROSKY,Chile,Y
SLV,"",Stella Aviation,AVISTELLA,Mauritania,N
SLW,"",Salama Airlines Nigeria,SALMA AIR,Nigeria,N
SME,"",Semos,SEMICH,Kazakhstan,N
SNU,"",Snunit Aviation,"",Israel,N
SNW,"",Sun West Airlines,SUN WEST,United States,N
SPI,"",South Pacific Island Airways,SOUTH PACIFIC,United States,Y
SPT,"",Speed Aviation,SPEED AVIATION,Bangladesh,N
SPW,"",Speedwings,SPEEDWING,Switzerland,N
SRF,"",Transportes Aereos San Rafael,SAN RAFEAL,Chile,N
SRK,SX,Sky Work Airlines,SKYFOX,Switzerland,N
SRS,"",Selkirk Remote Sensing,PHOTO CHARLIE,Canada,N
SRX,"",Sierra Expressway Airlines,SIERRA EX,United States,N
SSL,"",Air Sultan,SIERRA SULTAN,Sierra Leone,N
STG,"",Sedalia, Marshall, Boonville Stage Line,N
STQ,"",Star Air,STERA,Indonesia,N
SUB,"",Suburban Air Freight,SUB AIR,United States,N
SWG,WG,Sunwing Airlines,SUNWING,Canada,N
SXA,"",Southern Cross Aviation,FERRY,United States,N
SYI,"",Sonalysts,"",United States,N
SYN,"",Syncrude Canada,SYNCRUDE,Canada,N
TAG,"",TAG Aviation USA,TAG U-S,United States,N
TAR,TU,Tunisair,TUNAIR,Tunisia,Y
TGW,TR,Tiger Airways,GO CAT,Singapore,Y
TIC,"",Travel International Air Charters,TRAVEL INTERNATIONAL,Zambia,N
TJT,T7,Twin Jet,TWINJET,France,Y
TLS,"",TLC Air,TEALSY,United States,N
TMS,"",Temsco Helicopters,TEMSCO,United States,N
TNE,"",Taxis Aereos del Noroeste,TAXINOROESTE,Mexico,N
TPL,"",TAR Interpilot,INTERPILOT,Mauritania,N
TRN,"",Servicios Aereos Corporativos,AEROTRON,Mauritania,N
TRY,"",Tristar Airlines,TRISTAR AIR,United States,N
TWM,"",Transairways,"",Mozambique,N
TXS,"",Texas Airlines,TEXAIR,United States,N
UCC,"",Uganda Air Cargo,UGANDA CARGO,Uganda,N
UCH,"",US Airports Air Charter,US CHARTER,United States,N
UNR,"",Rivne Universal Avia,RIVNE UNIVERSAL,Ukraine,N
URN,3T,Turan Air,TURAN,Azerbaijan,Y
URR,"",Aurora Airlines,AIR AURORA,Slovenia,N
USA,US,US Airways,U S AIR,United States,Y
USN,"",Smarkand Aero Servise,SAMAS,Uzbekistan,N
UTA,UT,UTair Aviation,UTAIR,Russia,Y
UTR,"",Utair South Africa,AIRUT,South Africa,N
UTS,"",Ukrainian State Air Traffic Service Enterprise,AIRRUH,Ukraine,N
VAC,"",Vacationair,VACATIONAIR,Canada,N
VEX,TV,Virgin Express,VIRGIN EXPRESS,Belgium,Y
VIA,V1,VIA Líneas Aéreas,"",Argentina,Y
VIK,"",Viking Airlines,SWEDJET,Sweden,N
VLO,LC,Varig Log,VELOG,Brazil,Y
VMM,"",Grupo Vuelos Mediterraneo,VUELOS MED,Spain,N
VNG,"",Aero Servicios Vanguardia,VANGUARDIA,Mexico,N
VNZ,"",Tbilaviamsheni,TBILAVIA,Georgia,N
VPA,"",VIP Air,VIP TAXI,Slovakia,N
VWA,YY,Virginwings,"",Germany,Y
WAD,"",Waddington FTU,VULCAN,United Kingdom,N
WAP,"",Arrow Panama,ARROW PANAMA,Panama,N
WCO,"",Columbia Helicopters,COLUMBIA HELI,United States,N
WCP,FE,Primaris Airlines,WHITECAP,United States,N
WGS,"",Airwings oy,AIRWINGS,Finland,N
WJA,WS,WestJet,WESTJET,Canada,Y
WNR,"",Wondair on Demand Aviation,WONDAIR,Spain,N
WSM,"",Wisman Aviation,WISMAN,United States,N
WZP,3J,Zip,ZIPPER,Canada,N
WZZ,W6,Wizz Air,WIZZ AIR,Hungary,Y
XAD,"",Certified Air Dispatch,"",United States,N
XJA,"",Assistance Aeroportuaire de L'Aeroport de Paris,"",France,N
XLG,"",Lockheed Air Terminal,"",United States,N
XNC,"",Canadian National Telecommunications,"",Canada,N
XNR,"",Taxi Aero Del Norte,TAXI NORTE,Mexico,N
YYY,"",ICAO,"","",N
ZTT,Z6,ZABAIKAL AIRLINES,BAIKAL ,Russia,Y
1CH,1C,OneChina,"",China,Y
2K2,2X,Regionalia Uruguay,"",Uruguay,Y
7KK,7O,All Colombia,"",Colombia,Y
AAQ,"",Copterline,COPTERLINE,Finland,Y
ACC,"",Avcard Services,"",United Kingdom,N
ACS,"",Air Cess,"",Liberia,N
ADM,"",Aerolineas Dominicanas,DOMINAIR,Dominican Republic,N
ADS,"",Aviones de Sonora,SONORAV,Mexico,N
AEO,"",Aeroservicios Ejecutivos Del Occidente,AERO OCCIDENTE,Mexico,N
AEQ,"",Air Express,LUNA,Sweden,N
AFB,WK,American Falcon,AMERICAN FALCON,Argentina,N
AGT,1A,Amadeus Global Travel Distribution,AMADEUS,Spain,N
AGV,7T,Air Glaciers,AIR GLACIERS,Switzerland,Y
AIC,AI,Air India Limited,AIRINDIA,India,Y
AIK,"",African Airlines International Limited,AFRICAN AIRLINES,Kenya,N
AIP,5A,Alpine Air Express,ALPINE AIR,United States,N
AIT,"",Airest, ,Estonia,N
AIW,"",Atlantic Island Airways,TARTAN,Canada,N
AKM,"",Mak Air,MAKAIR,Kazakhstan,N
AKW,"",Angkor Airways,ANGKORWAYS,Cambodia,N
ALB,"",Aero Albatros,ALBATROS,Mexico,N
AMN,"",Air Montenegro,MONTENEGRO,Montenegro,N
AMS,"",Air Muskoka,AIR MUSKOKA,Canada,N
AMY,"",Air Ambar,AIR AMBAR,Dominican Republic,N
AND,"",National Jet Service,AIR INDIANA,United States,N
ANS,"",Andes Lineas Aereas,AEROANDES,Argentina,N
AO1,00,AirOne Atlantic,"",Slovakia,N
AOO,"",As, Opened Joint Stock Company,COMPANY AS,N
AOP,"",Aeropiloto,AEROPILOTO,Portugal,N
AOX,"",Aerotaxi Del Valle,AEROVALLE,Colombia,N
APP,"",Aerolineas Pacifico Atlantico, S.A. (Apair),AEROPERLAS,N
APY,"",APA Internacional,APA INTERNACIONAL,Dominican Republic,N
ARD,2B,Aerocondor,AEROCONDOR,Portugal,Y
ASR,"",All Star Airlines, Inc.,ALL STAR,N
ATJ,"",Air Traffic GmbH,SNOOPY,Germany,N
AUR,GR,Aurigny Air Services,AYLINE,United Kingdom,Y
AVE,VE,Avensa,Avensa,Venezuela,N
AVG,"",Air Falcon,DJIBOUTI FALCON,Djibouti,N
AVK,"",AV8 Helicopters,AVIATE-COPTER,South Africa,N
AVT,"",Asia Avia Airlines,ASIAVIA,Indonesia,N
AVV,"",Airvantage Incorporated,AIRVANTAGE,United States,N
AVW,"",Aviator Airways,AVIATOR,Greece,N
AVZ,"",Air Valencia,AIR VALENCIA,Spain,N
AXE,"",Air Explore,"",Slovakia,Y
AXF,HJ,Asian Express Airlines,FREIGHTEXPRESS,Australia,N
AXK,"",African Express Airways,EXPRESS JET,Kenya,N
AZB,"",Azamat,TUMARA,Kazakhstan,N
AZE,ZE,Arcus-Air Logistic,ARCUS AIR,Germany,N
AZI,"",Azzurra Air,AZZURRA,Italy,N
AZS,"",Aviacon Zitotrans Air Company,ZITOTRANS,Russia,N
BAJ,8Q,Baker Aviation,BAKER AVIATION,United States,N
BAX,"",Best Aero Handling Ltd,"",Russia,N
BCT,"",BCT Aviation,BOBCAT,United Kingdom,N
BFS,"",Business Flight Sweden,BUSINESS FLIGHT,Sweden,N
BHT,"",Bright Air,BRIGHTAIR,Netherlands,N
BLJ,"",Blue Jet,BLUEWAY,Spain,N
BMN,"",Bowman Aviation,BOWMAN,United States,N
BMR,"",British Midland Regional,"",United Kingdom,Y
BMV,"",Alatau Airlines,OLIGA,Kazakhstan,N
BOC,"",Aerobona,AEROBONA,Mexico,N
BOF,"",Bordaire,BORDAIR,Canada,N
BRP,"",Airport Bratsk,AEROBRA,Russia,N
BSI,"",Brasair Transportes Aereos,BRASAIR,Brazil,N
BSR,G6,Guine Bissaur Airlines,BISSAU AIRLINES,Guinea-Bissau,N
BTP,"",Veritair Ltd,NET RAIL,United Kingdom,N
BTU,"",Rolls-Royce plc,ROLLS,United Kingdom,N
BWA,BW,Caribbean Airlines,CARIBBEAN AIRLINES,Trinidad and Tobago,Y
BWG,QW,Blue Wings,BLUE WINGS,Germany,Y
BYC,"",Northern Airlines Sanya,BEIYA,China,N
CAE,"",Colibri Aviation,HUMMINGBIRD,Canada,N
CAL,CI,China Airlines,DYNASTY,Taiwan,Y
CAM,R9,Camai Air,AIR CAMAI,United States,N
CDE,"",Comed Group,COMEX,United Kingdom,N
CDI,"",Cards Air Services,CARDS,Philippines,N
CEE,"",Servicios Aereos Centrales,CENTRA AEREOS,Mexico,N
CFA,"",China Flying Dragon Aviation,FEILONG,China,N
CFC,"",Canadian Forces,CANFORCE,Canada,N
CFJ,"",Fujian Airlines,FUJIAN,China,N
CFZ,"",Zhongfei General Aviation,ZHONGFEI,China,N
CGD,"",Charlotte Air National Guard,"",United States,N
CHF,X7,Chitaavia,CHITA,Russia,N
CHK,OP,Chalk's Ocean Airways,CHALKS,United States,N
CIA,"",Civil Aviation Authority,CALIMERA,Slovakia,N
CLF,"",Bristol Flying Centre,CLIFTON,United Kingdom,N
CLT,"",Caribbean Air Transport,CARIBBEAN,Netherlands,N
CMR,"",CAM Air Management,CAMEO,United Kingdom,N
CMT,"",Casement Aviation,CASEMENT,United States,N
CNX,"",Allcanada Express,CANEX,Canada,N
CPV,"",Air Corporate,AIRCORPORATE,Italy,N
CTV,"",Escuela De Pilotos Are Aviacion,ARE AVIACION,Spain,N
CVV,"",Comeravia,COMERAVIA,Venezuela,N
CXH,XO,China Xinhua Airlines,XINHUA,China,N
CXP,XP,Xtra Airways,RUBY MOUNTAIN,United States,N
DEL,"",Carib Aviation,RED TAIL,Antigua and Barbuda,N
DKN,"",Deccan Aviation,DECCAN,India,N
DKT,"",Sioux Falls Aviation,DAKOTA,United States,N
DMC,"",Aerodinamica de Monterrey,DINAMICAMONT,Mexico,N
DOM,"",Dos Mundos,DOS MUNDOS,Dominican Republic,N
ECB,"",European Coastal Airlines,COASTAL CLIPPER,Croatia,N
ECF,"",Eurocopter,EUROCOPTER,France,N
ECJ,"",East Coast Jets,EASTCOAST JET,United States,N
EFS,"",EFAOS- Agencia De Viagens e Turismo,EFAOS,Angola,N
EHR,"",Valfell-Verkflug,ROTOR,Iceland,N
EIS,"",EIS Aircraft,COOL,Germany,N
ELA,DK,Eastland Air,"",Australia,Y
ELM,"",Crelam,CRELAM,Mexico,N
EMP,"",Empire Air Service,EMPIRE,United States,N
EMU,"",East Asia Airlines,"",Macao,N
EMX,3W,Euromanx Airways,EUROMANX,Austria,N
ENC,"",Endecots,ENDECOTS,Ecuador,N
ESE,"",Ensenada Vuelos Especiales,ENSENADA ESPECIAL,Mexico,N
ESJ,"",Eastern Sky Jets,EASTERN SKYJETS,United Arab Emirates,N
EUK,"",Air Atlanta Europe,SNOWBIRD,United Kingdom,N
EUP,"",Euroair,EUROSTAR,Greece,N
EXC,"",European Executive Express,ECHO EXPRESS,Sweden,N
FDN,"",Flying Dolphin Airlines,FLYING DOLPHIN,United Arab Emirates,N
FDS,"",African Medical and Research Foundation,FLYDOC,Kenya,N
FED,"",Lineas Aereas Federales,FEDERALES,Argentina,N
FEG,"",FlyEgypt,"",Egypt,Y
FHI,FH,FlyHigh Airlines Ireland (FH),FLYHIRELAND,Ireland,Y
FKS,"",Focus Air,FOCUS,United States,N
FLA,"",Midway Express,PALM,United States,N
FLP,"",Aeroclub Flaps,AEROCLUB FLAPS,Spain,N
FOC,"",Office Federal De'Aviation Civile,FOCA,Switzerland,N
FWD,"",Fair Wind Air Charter,FAIR WIND,United Arab Emirates,N
GBK,GY,Gabon Airlines,GABON AIRLINES,Gabon,Y
GDD,"",Golden Airlines,GOLDEN AIRLINES,United States,N
GET,"",GETRA,GETRA,Equatorial Guinea,N
GF5,F5,Global Freightways,Freight,United States,N
GIE,E4,Elysian Airlines,"",Cameroon,Y
GLU,"",Great Lakes Airways (Uganda),LAKES CARGO,Uganda,N
GMA,"",Gama Aviation,GAMA,United Kingdom,N
GPL,"",DLR,GERMAN POLAR,Germany,N
GRI,"",Air Cargo Center,"",Sao Tome and Principe,N
GRP,"",Great Plains Airlines,GREAT PLAINS,United States,N
GUY,GG,Air Guyane,GREEN BIRD,French Guiana,Y
GXG,GX,GermanXL,"",Germany,Y
HAC,"",Henebury Aviation,"",Australia,N
HAN,"",Hansung Airlines,HANSUNG AIR,Republic of Korea,N
HBR,"",Hebradran Air Services,Hebradran,United Kingdom,Y
HCC,"",Holidays Czech Airlines,"",Czech Republic,Y
HER,UD,Hex'Air,HEX AIRLINE,France,Y
HLI,"",Heli Securite,HELI SAINT-TROPEZ,France,N
HMA,"",Air Tahoma,TAHOMA,United States,N
HPR,"",Rick Lucas Helicopters,HELIPRO,New Zealand,N
HRB,"",Haiti International Airline,HAITI AIRLINE,Haiti,N
HTH,"",Helitt Líneas Aéreas,"",Spain,Y
HTT,"",Air Tchad,HOTEL TANGO,Chad,N
HYH,"",Heli Hungary,HELIHUNGARY,Hungary,N
IAA,IO,Indonesian Airlines,INDO LINES,Indonesia,Y
ICG,"",Icelandic Coast Guard,ICELAND COAST,Iceland,N
IDE,DH,Independence Air,INDEPENDENCE AIR,United States,N
IFX,"",International Flight Training Academy,IFTA,United States,N
IJE,"",Ivoire Jet Express,IVOIRE JET,Ivory Coast,N
IKA,GI,Itek Air,ITEK-AIR,Kyrgyzstan,Y
ILC,"",Island Link,"",Japan,N
IPA,"",IPEC Aviation,IPEC,Australia,N
IRK,Y9,Kish Air,KISHAIR,Iran,Y
IRO,"",CSA Air,IRON AIR,United States,N
IRP,"",Payam Air,PAYAMAIR,Iran,N
IRR,"",Tara Air Line,TARAIR,Iran,N
ISK,3L,Intersky,INTERSKY,Austria,Y
ITX,IK,Imair Airlines,IMPROTEX,Azerbaijan,Y
JNV,"",Jetnova de Aviacion Ejecutiva,JETNOVA,Spain,N
JOR,0B,Blue Air,BLUE TRANSPORT,Romania,Y
JPU,"",Jupiter Airlines,JUPITERAIR,United Arab Emirates,Y
JRI,"",Jetrider International,JETRIDER,United Kingdom,N
JSJ,"",JS Air,JS CHARTER,Pakistan,N
JWY,"",Jetways of Iowa,JETWAYS,United States,N
KAL,KE,Korean Air,KOREANAIR,Republic of Korea,Y
KEN,M5,Kenmore Air,KENMORE,United States,Y
KFT,"",Air Kraft Mir,AIR KRAFT MIR,Uzbekistan,N
KIL,GW,Kuban Airlines,AIR KUBAN,Russia,Y
KLO,"",Flight-Ops International,KLONDIKE,Canada,N
KOB,"",Koob-Corp - 96 KFT,AUTOFLEX,Hungary,N
KOP,"",Servicios Aereos Copters,COPTERS,Chile,N
KOR,JS,Air Koryo,AIR KORYO,Democratic People's Republic of Korea,Y
KRC,"",New Zealand Air Defence Force,KIWI RESCUE,New Zealand,N
KRF,"",United Kingdom Royal VIP Flights,KITTYHAWK,United Kingdom,N
LAO,QV,Lao Airlines,LAO,Lao Peoples Democratic Republic,Y
LBT,BJ,Nouvel Air Tunisie,NOUVELAIR,Tunisia,Y
LCA,"",Leconte Airlines,LECONTE,United States,N
LFL,"",Executive Air,LIFE FLIGHT,Zimbabwe,N
LFT,"",Aerolift Company,LIFTCO,Sierra Leone,N
LIS,"",Eastern Express,LARISA,Kazakhstan,N
LKP,"",American Aviation,LAKE POWELL,United States,N
LMY,"",Air Almaty,AGLEB,Kazakhstan,N
LOU,"",Air Saint Louis,AIR SAINTLOUIS,Senegal,N
LRT,"",Lincoln Airlines,"",Australia,N
LTE,XO,LTE International Airways,FUN JET,Spain,Y
LYN,QH,Kyrgyzstan,ALTYN AVIA,Kyrgyzstan,N
LZT,"",Lanzarote Aerocargo,BARAKA,Spain,N
MAV,ML,Maldivo Airlines,Maldivo,Maldives,Y
MBV,"",Aeriantur-M,AEREM,Moldova,N
MCB,"",Air Mercia,WESTMID,United Kingdom,N
MEA,ME,Middle East Airlines,CEDAR JET,Lebanon,Y
MEI,"",Merlin Airways,AVALON,United States,N
MET,"",Meteorological Research Flight,METMAN,United Kingdom,N
MFL,"",Aero McFly,MCFLY,Mexico,N
MGB,"",Coulson Flying Service,MOCKINGBIRD,United Kingdom,N
MGI,"",Marghi Air,MARGHI,Nigeria,N
MIE,"",Aero Premier De Mexico,AEROPREMIER,Mexico,N
MIG,"",Russian Aircraft Corporation-MiG,MIG AVIA,Russia,N
MJL,"",Jet Line International,MOLDJET,Moldova,N
MKU,WP,Island Air (WP),"",United States,Y
MMM,8M,Myanmar Airways International,assignment postponed,Myanmar,Y
MNV,"",Mauritanienne Aerienne Et Navale,NAVALE,Mauritania,N
MON,ZB,Monarch Airlines,MONARCH,United Kingdom,Y
MRH,"",Marham Flying Training Unit,MARHAM,United Kingdom,N
MRK,"",Markair,MARKAIR,United States,N
MRM,"",Aerocharter,MARITIME,Canada,N
MSF,"",Max Sea Food,MAXESA,El Salvador,N
MSK,"",Air Sport,AIR SPORT,Bulgaria,N
MTE,"",Aeromet Linea Aerea,AEROMET,Chile,N
MYT,VZ,MyTravel Airways,KESTREL,United Kingdom,Y
NAK,Q9,Arik Niger,"",Niger,Y
NCF,"",Norfolk County Flight College,COUNTY,United Kingdom,Y
NCM,"",Nas Air,AIR BANE,Angola,N
NEX,"",Northern Executive Aviation,NEATAX,United Kingdom,N
NIE,"",Aeroejecutiva Nieto,AERONIETO,Mexico,N
NJS,NC,National Jet Systems,NATIONAL JET,Australia,Y
NKL,"",Nakheel Aviation,NAKHEEL,United Arab Emirates,N
NPL,"",Air Nepal International,AIR NEPAL,Nepal,N
NPX,"",Northeast Aviation,NORTHEAST EXPRESS,United States,N
NRC,"",North Sea Airways,NORTH SEA,Netherlands,N
NSS,"",Northstar Aviation,NORTHSTAR,United States,N
NTT,"",Inter Tropic Airlines,INTER-TROPIC,Sierra Leone,N
NVJ,"",Fly International Airways,NOUVINTER,Tunisia,N
NWT,"",Northwest Territorial Airways,TERRITORIAL,Canada,N
NYT,"",Yeti Airlines ,"",Nepal,Y
OBA,"",Aerobanana,AEROBANANA,Mexico,N
OCS,"",Ocean Sky (UK),OCEANSKY,United Kingdom,N
ODM,"",Pan African Airways,"",Kenya,N
OHK,O8,Oasis Hong Kong Airlines,OASIS,Hong Kong,Y
OKL,"",Oklahoma Department of Public Safety,OKLAHOMA,United States,N
OLR,"",Colaereos,COLAEREOS,Ecuador,N
ORG,"",Orenburzhie,"",Russia,Y
OTG,"",One Two Go Airlines,THAI EXPRESS,Thailand,Y
PCO,8P,Pacific Coastal Airline,PASCO,Canada,Y
PEB,"",Benders Air,PALEMA,Sweden,N
PHH,"",Polizeihubschrauberstaffel Hessen,IBIS,Germany,N
PIE,"",Air South West,PIRATE,United Kingdom,N
PIV,"",Sokol,AEROSOKOL,Russia,N
PJP,"",Princely Jets,PRINCELY JETS,Pakistan,N
PMM,"",Primair,PRIMAVIA,Russia,N
PMR,"",Servicios Aereos Premier,SERVICIOS PREMIER,Mexico,N
POY,"",Apoyo Aereo,APOYO AEREO,Mexico,N
PTB,"",Passaredo Transportes Aereos,PASSAREDO,Brazil,Y
PTQ,"",Port Townsend Airways,TOWNSEND,United States,N
PVV,PC,Continental Airways,CONTAIR,Russia,N
PWC,"",Pratt and Whitney Canada,PRATT,Canada,N
PXP,"",Pacific Air Transport,PAK EXPRESS,United States,N
PYZ,"",Players Air,PLAYERS AIR,United States,N
QAH,"",Quick Airways Holland,QUICK,Netherlands,N
QLA,"",Aviation Quebec Labrador,QUEBEC LABRADOR,Canada,N
QNA,"",Queen Air,QUEEN AIR,Dominican Republic,N
QUI,"",Aero Quimmco,QUIMMCO,Mexico,N
RAM,AT,Royal Air Maroc,ROYALAIR MAROC,Morocco,Y
RBT,"",Robinton Aero,ROBIN,Dominican Republic,N
RDS,"",Rhoades Aviation,RHOADES EXPRESS,United States,N
REI,"",Ray Aviation,RAY AVIATION,Israel,N
RES,"",Australian Maritime Safety Authority,RESCUE,Australia,N
REY,"",Aero-Rey,AEROREY,Mexico,N
RKA,RK,Air Afrique,AIRAFRIC,Ivory Coast,Y
RKH,RK,Royal Khmer Airlines,KHMER AIR,Cambodia,N
RKW,"",Rockwell Collins Avionics,ROCKWELL,United States,N
RRF,"",Royal Air Force,KITTY,United Kingdom,N
RRJ,R8,AirRussia,russiancloud,Russia,Y
RRL,"",Rolls-Royce Limited,MERLIN,United Kingdom,N
RRV,"",Mombasa Air Safari,SKYROVER,Kenya,N
RTV,"",Nortavia,TIC-TAC,Portugal,N
RWY,"",Aerogroup 98 Limited,TYNWALD,United Kingdom,N
RYT,"",Raya Jet,"",Jordan,N
SA1,S1,Serbian Airlines,"",Serbia,Y
SCR,"",Si-Chang Flying Service,SICHART,Thailand,N
SDD,"",Skymaster Air Taxi,SKY DANCE,United States,N
SES,"",Servicio Aereo Saltillo,SERVISAL,Mexico,N
SFM,"",A-Safar Air Services,AIR SAFAR,Nigeria,N
SGG,DN,Senegal Airlines,"",Senegal,Y
SGI,"",Servicios Aereos Agricolas,SERAGRI,Chile,N
SIT,XS,SITA,"",Belgium,N
SIZ,"",Aero Silza,AEROSILZA,Mexico,N
SJE,"",Sunair 2001,SUNBIZ,South Africa,N
SKG,"",Skycraft Air Transport,SKYCRAFT-CANADA,Canada,N
SKH,"",British Sky Broadcasting,SKYNEWS,United Kingdom,N
SKL,"",Skycharter (Malton),SKYCHARTER,Canada,N
SKS,"",Sky Service,SKY SERVICE,Belgium,N
SLI,5D,Aerolitoral,COSTERA,Mexico,Y
SMX,XM,Alitalia Express,ALIEXPRESS,Italy,Y
SMZ,"",RAF Scampton,SCAMPTON,United Kingdom,N
SNE,"",Servicios Aereos De Nicaragua (SANSA),SANSA,Nicaragua,N
SPF,"",Space World Airline,SPACE WORLD,Nigeria,N
SPM,PJ,Air Saint Pierre,"",France,Y
SUN,"",Antillana De Navegacion Aerea,"",Dominican Republic,N
SUR,"",Sun Air,"",Egypt,N
SWK,"",General Aerospace,SKYWALKER,Canada,N
SWM,"",Sky Angkor Airlines (ZA),SKY ANGKOR,Cambodia,Y
SYC,"",Systec 2000,SYSTEC,United States,N
TBI,"",TAB Express International,TAB INTERNATIONAL,United States,N
TBM,"",Taban Air Lines,TABAN AIR,Iran,N
TCC,"",Trans Continental Airlines,TRANSCAL,Sudan,N
TDY,"",Air Today,AIR TODAY,United States,N
TEA,"",Executive Turbine Aviation,TRAVELMAX,South Africa,N
TEB,"",Tenir Airlines,TENIR AIR,Kyrgyzstan,N
TEX,"",Catex,CATEX,France,N
THY,TK,Turkish Airlines,TURKAIR,Turkey,Y
TIA,"",Trans International Airlines,TRANS INTERNATIONAL,United States,N
TIN,"",Taino Tours,TAINO,Dominican Republic,N
TKE,"",Take Air Line,ISLAND BIRD,France,N
TNW,"",Trans Nation Airways,TRANS-NATION,Ethiopia,N
TPN,"",Transportacion Aerea del Norte,AEREA DELNORTE,Mexico,N
TPR,"",Taxis Aereos De Parral,TAXIS PARRAL,Mexico,N
TQM,"",JM Family Aviation,TACOMA,United States,N
TRC,"",Trans Air Charter,TRACKER,United States,N
TSU,"",Gulf & Caribbean Cargo / Contract Air Cargo,TRANSAUTO,United States,N
TTH,"",Tarhan Tower Airlines,"",Turkey,N
TTL,"",Total Linhas Aereas,TOTAL,Brazil,N
TUK,"",Ocean Wings Commuter Service,TUCKERNUCK,United States,N
UAC,"",United Air Charters,UNITAIR,Zimbabwe,Y
UAT,"",Ukraine Atlantic,"",Ukraine,Y
UMB,"",Air Umbria,AIR UMBRIA,Italy,N
UNS,"",Unsped Paket Servisi,UNSPED,Turkey,N
UNT,"",Servicios Aereos Universitarios,UNIVERSITARIO,Mexico,N
UWW,II,LSM International ,moose,Russia,Y
VAE,"",Air Evans,AIR-EVANS,Spain,N
VGA,6V,Air Vegas,AIR VEGAS,United States,N
VGN,VK,Virgin Nigeria Airways,VIRGIN NIGERIA,Nigeria,Y
VLI,V5,Avolar Aerolineas,AEROVOLAR,Mexico,N
VMA,"",Vero Monmouth Airlines,VERO MONMOUTH,United States,N
VSS,"",Virign Islands Seaplane Shuttle,WATERBIRD,United States,N
VTA,VT,Air Tahiti,AIR TAHITI,French Polynesia,Y
VXG,G2,Avirex,AVIREX-GABON,Gabon,N
WAF,"",Flamenco Airways,FLAMENCO,United States,N
WAM,"",Air Taxi & Cargo,TAXI CARGO,Sudan,N
WCY,"",Viking Express,TITAN AIR,United States,N
WHS,"",Wiking Helikopter Service,WEEKING,Germany,N
WIL,"",Aero Air,WILLIAMETTE,United States,N
WIN,"",Winlink,WINLINK,Saint Lucia,N
WLV,"",Aviation North,WOLVERINE,United States,N
WLX,"",West Air Luxembourg,WEST LUX,Luxembourg,N
WRT,"",Wright Air Lines,WRIGHT-AIR,United States,N
WSS,W3,World Scale Airlines,"",United States,Y
X9F,X9,FRA Air,FA,Germany,N
XAN,78,Southjet cargo,"",United States,Y
XCX,"",Citibank,"",United States,N
XDY,"",Dynair Services,"",United States,N
XGS,"",Global System,"",United States,N
XLK,"",Safarilink Aviation,SAFARILINK,Kenya,N
XOJ,"",XOJET,"",United States,Y
XPX,"",Phoenix Flight Operations,"",United States,N
ZMA,"",Zambezi Airlines,ZAMBEZI WINGS,Zambia,N
КТК,"",Катэкавиа,"",Russia,Y
2CO,"",ConneX European Airline,ConneX,Austria,Y
6CC,6C,Vuela Cuba,"",Cuba,Y
99F,9A,All Africa,"",South Africa,Y
AAI,"",Air Aurora,BOREALIS,United States,N
AAJ,"",Air Alma,AIR ALMA,Canada,N
AAO,"",Atlantis Airlines (USA),ATLANTIS AIR,United States,N
ABK,"",Alberta Citylink,ALBERTA CITYLINK,Canada,N
ABQ,ED,Airblue,PAKBLUE,Pakistan,Y
ABT,"",Air Brousse,AIR BROUSSE,Canada,N
ACG,"",Air Partner,AIR PARTNER,United Kingdom,N
ADK,Z7,ADC Airlines,ADCO,Nigeria,N
AFL,SU,Aeroflot Russian Airlines,AEROFLOT,Russia,Y
AFO,"",Aero Empresa Mexicana,AERO EMPRESA,Mexico,N
AGU,"",Angara Airlines,SARMA,Russia,N
AIJ,"",ABC Aerolineas,ABC AEROLINEAS,Mexico,N
AIQ,FD,Thai AirAsia,THAI ASIA,Thailand,Y
AKA,"",Air Korea Co. Ltd.,"",Republic of Korea,Y
AL3,L9,All Asia,"",China,Y
ALL,"",Aerovallarta,VALLARTA,Mexico,N
ALP,"",Alpliner AG,ALPINER,Switzerland,N
AMB,1I,Deutsche Rettungsflugwacht,CIVIL AIR AMBULANCE,Germany,N
AMC,KM,Air Malta,AIR MALTA,Malta,Y
AMR,"",Air Specialties Corporation,AIR AM,United States,N
AMT,"",ATA Airlines,AMTRAN,United States,Y
AMW,ZV,Air Midwest,AIR MIDWEST,United States,N
AOI,"",Astoria, Inc.,ASTORIA,N
ARV,"",Aravco Ltd.,ARAVCO,United Kingdom,N
ASJ,"",Air Satellite,SATELLITE,Canada,N
ASK,"",La Ronge Aviation Services,AIR SASK,Canada,N
ASS,"",Air Class, S.A. de C.V.,AIR CLASS,N
AUB,IQ,Augsburg Airways,AUGSBURG-AIR,Germany,Y
AVD,"",Alamo Aviacion, S.L.,ALAMO,N
AVP,"",Avcorp Registrations,AVCORP,United Kingdom,N
AWU,7E,Aeroline GmbH,SYLT-AIR,Germany,Y
AXL,XT,Air Exel,EXEL COMMUTER,Netherlands,Y
AXR,"",Axel Rent, S.A.,RENTAXEL,N
AZV,"",Azov Avia Airlines,AZOV AVIA,Ukraine,N
BBV,"",Bravo Airlines,BRAVO EUROPE,Spain,N
BEZ,"",Kingfisher Air Services,SEA BREEZE,United States,N
BJK,"",Atlantic Airlines,BLACKJACK,United States,N
BLV,B3,Bellview Airlines,BELLVIEW AIRLINES,Nigeria,Y
BND,"",Bond Offshore Helicopters,BOND,United Kingdom,N
BRT,"",British Regional Airlines,BRITISH,United Kingdom,N
BTI,BT,Air Baltic,AIRBALTIC,Latvia,Y
BUB,ZB,Air Bourbon,BOURBON,Reunion,Y
BUZ,UK,buzz,,,N
BXR,"",Redding Aero Enterprises,BOXER,United States,N
BYL,"",Bylina Joint-Stock Company,BYLINA,Russia,N
BZH,DB,Brit Air,BRITAIR,France,Y
BZS,"",Aero Biniza,BINIZA,Mexico,N
CAT,CT,Civil Air Transport,Mandarin,Taiwan,N
CBG,"",GX Airlines,SPRAY,China,Y
CBY,"",Coningsby Flying Training Unit,TYPHOON,United Kingdom,N
CDG,SC,Shandong Airlines,SHANDONG,China,Y
CDM,"",Carga Aerea Dominicana,CARGA AEREA,Dominican Republic,N
CFH,"",Care Flight,CARE FLIGHT,Australia,N
CFV,"",Aero Calafia,CALAFIA,Mexico,N
CHG,"",AC Challenge Aero,SKY CHALLENGER,Ukraine,N
CIF,1F,CB Airways UK ( Interliging Flights ),"",United Kingdom,Y
CIK,"",Country International Airlines,COUNTRY AIR,Kyrgyzstan,N
CJS,"",Commonwealth Jet Service,COMMONWEALTH,United States,N
CKR,"",Crown Air Systems,CROWN AIR,United States,N
CLE,"",Colemill Enterprises,COLEMILL,United States,N
CLG,"",Chalair Aviation,CHALLAIR,France,N
CLL,"",Aerovias Castillo,AEROCASTILLO,Mexico,N
CNE,"",Air Toronto,CONNECTOR,Canada,N
CNH,"",Aquila Air,CHENANGO,United States,N
COA,CO,Continental Airlines,CONTINENTAL,United States,Y
CPR,"",Corporate Air,CORPAIR,United States,N
CSE,"",CSE Aviation,OXFORD,United Kingdom,N
CSL,"",California Air Shuttle,CALIFORNIA SHUTTLE,United States,N
CSQ,II,IBC Airways,CHASQUI,United States,N
CWT,"",Texas Airways,TEXAS AIRWAYS,United States,N
CWW,"",Canair,CANAIR,China,N
CXJ,"",Xinjiang Airlines,XINJIANG,China,N
DHX,ES,DHL International,DILMUN,Bahrain,N
DKE,"",Jubilee Airways,DUKE,United Kingdom,N
DND,"",Eldinder Aviation,DINDER,Sudan,N
DOT,"",Telnic Limited,DOT TEL,United Kingdom,N
DRX,"",Des R Cargo Express,"",Mauritania,N
DWR,"",Delaware Skyways,DELAWARE,United States,N
EAG,"",European Aeronautical Group UK,"",United Kingdom,N
ECG,"",Aero Ejecutivos RCG,EJECTUIVOS RCG,Mexico,N
ECM,"",Aerolineas Comerciales,AERO COMERCIALES,Mexico,N
ECQ,"",Eco Air,SKYBRIDGE,Nigeria,N
EFC,"",Air Mana,FLIGHT TAXI,France,N
EGU,"",Eagle Aviation,AFRICAN EAGLE,Uganda,N
EJD,"",Elite Jets,ELITE DUBAI,United Arab Emirates,N
ELC,"",Small Planet Airlines,"",Lithuania,Y
ELW,"",Yellow Wings Air Services,YELLOW WINGS,Kenya,N
EMN,"",Examiner Training Agency,AGENCY,United Kingdom,N
ERC,"",Esso Resources Canada,ESSO,Canada,N
ERI,"",Aero Servicios Regiomontanos,ASERGIO,Mexico,N
ERJ,"",Eurojet Italia,JET ITALIA,Italy,N
ERT,B8,Eritrean Airlines,ERITREAN,Eritrea,Y
EUJ,VE,EUjet,UNION JET,Ireland,N
EUT,"",European 2000 Airlines,FIESTA,Malta,N
EZB,"",Flugschule Eichenberger,EICHENBURGER,Switzerland,N
FCI,"",Air Carriers,FAST CHECK,United States,N
FCL,PA,Florida Coastal Airlines,FLORIDA COASTAL,United States,N
FFP,"",Fischer Air Polska,FLYING FISH,Poland,N
FFS,"",Florida Department of Agriculture,FORESTRY,United States,N
FGS,"",Elitellina,ELITELLINA,Italy,N
FHS,"",Forth and Clyde Helicopter Services,HELISCOT,United Kingdom,N
FIN,AY,Finnair,FINNAIR,Finland,Y
FIV,"",Citationshares,FIVE STAR,United States,N
FJM,"",Fly Jamaica Airways,Greenheart,Jamaica,Y
FLB,"",German Air Force - FLB,FLB,Germany,Y
FLE,"",Flair Airlines,FLAIR,Canada,N
FLG,9E,Pinnacle Airlines,FLAGSHIP,United States,Y
FLZ,QH,Air Florida,AIR FLORIDA,United States,Y
FMR,"",Flamingo Air,FLAMINGO AIR,United States,N
FOM,"",Freedom Air,FREE AIR,New Zealand,N
FRK,"",Afrika Aviation Handlers,AFRIFAST,Kenya,N
FST,"",Aereos Limited,FAST TRACK,United Kingdom,N
FVG,"",VG Airlines (IV),Nico,Belgium,N
FWQ,"",Flight West Airlines,"",Australia,N
GAM,"",German Army,GERMAN ARMY,Germany,N
GAU,"",Aerogaucho,AEROGAUCHO,Uruguay,N
GDG,"",S.P. Aviation,GOLDEN GATE,United States,N
GJT,"",Gestion Aerea Ajecutiva,BANJET,Spain,N
GLE,"",Goliaf Air,GOLIAF AIR,Sao Tome and Principe,N
GLL,"",Air Gemini,TWINS,Angola,N
GMR,"",Golden Myanmar Airlines,Golden Myanmar,Burma,Y
GOT,"",Walter I Linkoping,GOTHIC,Sweden,N
GPE,"",GP Express Airlines,REGIONAL EXPRESS,United States,N
GPM,"",Grup Air-Med,GRUPOMED,Spain,N
GSL,"",Geographic Air Surveys,SURVEY-CANADA,Canada,N
GSM,B4,Flyglobespan,GLOBESPAN,United Kingdom,Y
HAD,H9,Air D'Ayiti,HAITI AVIA,Haiti,N
HBI,"",CHC Denmark,HELIBIRD,Denmark,N
HBL,"",Faroecopter,HELIBLUE,Denmark,N
HET,"",TAF Helicopters,HELITAF,Spain,N
HFY,5K,Hi Fly,SKY FLYER,Portugal,N
HGD,"",Hangard Aviation,HANGARD,Mongolia,N
HKA,SO,Superior Aviation,SPEND AIR,United States,N
HMR,"",North American Charters,HAMMER,Canada,Y
HMS,DU,Hemus Air,HEMUS AIR,Bulgaria,N
IAK,"",International Air Cargo Corporation,AIR CARGO EGYPT,Egypt,N
IBC,"",Ibicenca Air,IBICENCA,Spain,N
IHE,"",Interjet Helicopters,INTERCOPTER,Greece,N
IJM,"",IJM International Jet Management,JET MANAGEMENT,Austria,N
IKY,"",Intersky,GENERAL SKY,Bulgaria,N
INA,"",Aero International,AERO-NACIONAL,Mexico,N
IND,"",Iona National Airways,IONA,Ireland,N
IOA,"",Iowa Airways,IOWA AIR,United States,N
IRG,"",Naft Air Lines,NAFT,Iran,N
IRV,"",Safat Airlines,SAFAT AIR,Iran,N
IRW,"",Aram Airline,ARAM,Iran,N
IRY,"",Eram Air,ERAM AIR,Iran,N
IVJ,"",Flight International,INVADER JACK,United States,N
IZM,H9,Izair,IZMIR,Turkey,N
JMG,"",JetMagic,JET MAGIC,Ireland,N
JRB,"",Jc royal.britannica,"",United Kingdom,Y
JSE,"",Jets Y Servicios Ejecutivos,SERVIJETS,Mexico,N
JTS,"",Arrendamiento de Aviones Jets,AVIONESJETS,Mexico,N
JVK,"",Jorvik,ISLANDIC,Iceland,N
JXA,"",Jetex Aviation,"",Lebanon,N
KBZ,"",Air KBZ,Air KBZ,Burma,Y
KFC,"",Kremenchuk Flight College,KREMENCHUK,Ukraine,N
KIE,"",Afit,TWEETY,Germany,N
KIN,"",Kinloss Flying Training Unit,KINLOSS,United Kingdom,Y
KRY,"",Russkie Krylya,"",Russia,Y
KTV,"",Kata Transportation,KATAVIA,Sudan,N
KYV,KY,Kibris T,AIRKIBRIS,Turkey,N
LAL,"",Labrador Airways,LAB AIR,Canada,N
LCM,"",Lineas Aereas Comerciales,LINEAS COMERCIALES,Mexico,N
LCS,"",RAF Leuchars,LEUCHARS,United Kingdom,N
LEP,"",Laughlin Express,LAUGHLIN EXPRESS,United States,N
LHR,"",Al Ahram Aviation,AL AHRAM,Egypt,N
LIB,"",Ploizeihubschrauberstaffel Hamburg,LIBELLE,Germany,N
LMZ,"",Air Almaty ZK,ALUNK,Kazakhstan,N
LOO,PQ,LSM Airlines,slowbird,Russia,Y
LPL,"",Lease-a-Plane International,LEASE-A-PLANE,United States,N
LSC,"",Los Cedros Aviacion,CEDROS,Chile,N
M7A,2R,All America AR,"",Argentina,Y
MAB,"",Millardair,MILLARDAIR,Canada,N
MAE,"",Mali Air,MALI AIREXPRESS,Austria,N
MBB,"",Air Manas,AIR MANAS,Kyrgyzstan,N
MCM,"",Heli-Air-Monaco,HELI AIR,Monaco,N
MCO,"",Aerolineas Marcos,MARCOS,Mexico,N
MEP,YX,Midwest Airlines,"",United States,Y
MFC,"",Moncton Flying Club,EAST WIND,Canada,N
MJG,DF,Michael Airlines,MJG,Puerto Rico,Y
MKA,"",MK Airline,KRUGER-AIR,Ghana,N
MKY,"",Monky Aerotaxis,MONKY,Mexico,N
MLA,Q5,40-Mile Air,MILE-AIR,United States,Y
MMP,"",AMP Incorporated,AMP-INC,United States,N
MMR,"",Musrata Air Transport,MUSRATA AIR,Libya,N
MNE,"",Aerolineas Amanecer,AEROAMANECER,Mexico,N
MNO,JE,Mango,TULCA,South Africa,Y
MOP,"",Aeropublicitaria De Angola,PUBLICITARIA,Angola,N
MPT,"",Miapet-Avia,MIAPET,Armenia,N
MSL,M7,Marsland Aviation,MARSLANDAIR,Sudan,N
MSR,MS,Egyptair,EGYPTAIR,Egypt,Y
MTV,"",Mountain Valley Air Service,MOUNTAIN VALLEY,United States,N
MUR,"",Aerolinea Muri,MURI,Mexico,N
MVD,KV,Kavminvodyavia,AIR MINVODY,Russia,Y
MVN,"",Marvin Limited,MARVIN,United Kingdom,N
NAD,"",Seulawah Nad Air,SEULAWAH,Indonesia,N
NAF,"",Royal Netherlands Air Force,NETHERLANDS AIR FORCE,Netherlands,N
NBS,"",Nimbus Aviation,NIMBUS,United Kingdom,N
NFL,"",Northaire Feight Lines,GREAT LAKES,United States,N
NGC,"",Angoservice,ANGOSERVICE,Angola,N
NHK,"",Federal Aviation Administration,NIGHTHAWK,United States,N
NLW,"",Nile Wings Aviation Services,NILE WINGS,Sudan,N
NMA,"",Nesma Airlines,Nesma Airlines,Egypt,Y
NOR,"",Norsk Helikopter,NORSKE,Norway,N
NRX,"",Norse Air Charter,NORSE AIR,South Africa,N
NRZ,"",Servicios Aereos Monarrez,MONARREZ,Mexico,N
NSE,9R,SATENA,SATENA,Colombia,Y
NSL,"",Neric,NERICAIR,United Kingdom,N
NTB,"",Servicios Aereos Del Norte,SERVINORTE,Mexico,N
NTG,"",Servicios Intergrales De Aviacion,INTERGRALES,Mexico,N
NWA,NW,Northwest Airlines,NORTHWEST,United States,Y
NWD,"",New World Jet Corporation,NEW WORLD,United States,N
NWZ,"",Nationwide Airlines (Zambia),ZAMNAT,Zambia,N
NZM,NM,Mount Cook Airlines,MOUNTCOOK,New Zealand,N
OAR,"",Orbit Regional Airlines,OA,United States,Y
ODI,"",Jonsson, H Air Taxi,ODINN,N
OFF,"",Challenge International Airlines,CHALLENGE AIR,United States,N
OJY,"",Florida Air,OHJAY,United States,N
OLX,"",Olimex Aerotaxi,OLIMEX,Czech Republic,N
OSN,"",Aerosan,AEROSAN,Mexico,N
OSS,"",Servicios Aereos Noticiosos,NOTICIOSOS,Mexico,N
PAA,PA,Pan American Airways,"",United States,N
PAH,"",Panorama Air Tour,LANI,United States,N
PAJ,"",Aliparma,ALIPARMA,Italy,N
PAP,"",Langtry Flying Group,PROFLIGHT,United Kingdom,N
PAS,"",Pelita Air Service,PELITA,Indonesia,N
PCC,"",Perforadora Central,PERFORADORA CENTRAL,Mexico,N
PCS,"",Air Palace,AIR PALACE,Mexico,N
PET,"",Aerotransporte Petrolero,AEROPETRO,Colombia,N
PFL,"",Pacific Flier,KOROR,Palau,Y
PHG,"",Phoenix Aviation,PHOENIX GROUP,Kyrgyzstan,N
PKR,"",Pakker Avio,PAKKER AVIO,Estonia,N
PLL,"",Air Pal,AIRPAL,Spain,N
PMA,"",Pan Malaysian Air Transport,PAN MALAYSIA,Malaysia,N
PMX,"",Petroleos Mexicanos,PEMEX,Mexico,N
PNG,"",Puerto Rico National Guard,"",United States,N
PNX,"",Imperial Airways,PHOENIX,United States,N
POF,"",Police Aux Frontiers,AIRPOL,France,N
PPM,"",Pacific Pearl Airways,PACIFIC PEARL,Philippines,N
PRG,"",Empresa Aero-Servicios Parrague,ASPAR,Chile,N
PSC,"",Pascan Aviation,PASCAN,Canada,N
PTC,"",Patria Cargas Aereas,PATRIA,Argentina,N
PZA,"",Aereo Taxi Paraza,AEREO PARAZA,Mexico,N
QEA,"",Aviation Consultancy Office,"",Australia,N
QRT,"",4D Air,QUARTET,Thailand,N
RBA,BI,Royal Brunei Airlines,BRUNEI,Brunei,Y
RCO,"",Aero Renta De Coahuila,AEROCOAHUILA,Mexico,N
RCQ,"",Aerolineas Regionales,REGIONAL CARGO,Mexico,N
RDD,"",Adygeya Airlines,ADLINES,Russia,N
RDN,D7,Dinar,AERO DINAR,Argentina,N
RFL,"",Interfly,INFLY,Italy,N
RLA,A5,Airlinair,AIRLINAIR,France,Y
RMF,"",Royal Malaysian Air Force,ANGKASA,Malaysia,N
ROY,"",Conifair Aviation,"",Canada,N
RPC,"",Aerolineas Del Pacifico,AEROPACSA,Ecuador,N
RPS,"",Global Air Charter,RESPONSE,United States,N
RSP,"",Jet Suite,Red Stripe,United States,Y
RVR,"",Raven Air,RAVEN,United Kingdom,N
RZL,"",Aero Zambia,AERO ZAMBIA,Zambia,N
SAY,"",ScotAirways,SUCKLING,United Kingdom,Y
SBB,"",Steinman Aviation,SABER EXPRESS,United States,N
SBL,"",Sobel Airlines of Ghana,SOBGHANA,Ghana,N
SDC,"",Sunrise Airlines,SUNDANCE,United States,N
SDF,"",Sundorph Aeronautical Corporation,SUNDORPH,United States,N
SDH,"",Servicio De Helicopteros,ARCOS,Spain,N
SDN,"",Spirit of Africa Airlines,BLUE NILE,Sudan,N
SDX,"",Servicio Tecnico Aero De Mexico,SERVICIO TECNICO,Mexico,N
SEY,HM,Air Seychelles,SEYCHELLES,Seychelles,Y
SGH,"",Servisair,SERVISAIR,United Kingdom,N
SHI,"",Seoul Air International,SEOUL AIR,Republic of Korea,N
SHM,"",Sheltam Aviation,SHELTAM,South Africa,N
SHO,"",Sheremetyevo-Cargo,"",Russia,N
SHV,"",Shavano Air,SHAVANO,United States,N
SHW,"",Shawnee Airline,SHAWNEE,United States,N
SJC,"",Servicios Ejecutivos Continental,SERVIEJECUTIVO,Mexico,N
SKF,"",Skycraft,SKYCRAFT,United States,N
SMF,"",Smalandsflyg,GORDON,Sweden,N
SNK,"",Southeast Airlines (Sun Jet International),SUN KING,United States,N
SOH,"",Southern Ohio Aviation Sales,SOUTHERN OHIO,United States,N
SOX,"",Solid Air,SOLIDAIR,Netherland,N
SPE,"",Sprague Electric Company,SPRAGUE,United States,N
SPH,"",Sapphire Executive Air,SAPPHIRE-CHARTER,South Africa,N
SPK,"",Diamond Aviation,SPARKLE,United States,N
SPR,"",Provincial Airlines,SPEEDAIR,Canada,N
SPU,"",Southeast Airmotive,SPUTTER,United States,N
SRD,"",Search and Rescue 22,"",United Kingdom,N
SRL,SM,Swedline Express,Starline,Sweden,N
SRT,"",Trans Asian Airlines,TRASER,Kazakhstan,N
SRY,"",ViaAir,Stingray,United States,Y
SSA,AG,All America US,"",United States,Y
SSC,"",Southern Seaplane,SOUTHERN SKIES,United States,N
SSI,"",Vision Airlines,SUPER JET,Nigeria,N
SSX,"",Lynx Aviation (L3/SSX),Shasta,United States,N
SSZ,"",Specsavers Aviation,SPECSAVERS,United Kingdom,N
STF,"",SFT-Sudanese Flight,"",Sudan,N
STN,"",RAF St Athan,SAINT ATHAN,UNited Kingdom,N
SUO,"",Aeroservicios De San Luis,SERVICIO SANLUIS,Mexico,N
SUT,"",Sistemas Aeronauuticos 2000,SISTEMAS AERONAUTICOS,Mexico,N
SUW,ZA,Interavia Airlines,ASTAIR,Russia,Y
SWN,PT,West Air Sweden,AIR SWEDEN,Sweden,N
SWT,"",Swiftair,SWIFT,Spain,N
SXY,"",Safari Express Cargo,SAFARI EXPRESS,Kenya,N
T9P,ZT,Tomp Airlines,"",Chile,Y
TAT,TA,Grupo TACA,TACA-COSTARICA,Costa Rica,Y
TBL,"",Aerotrebol,AEROTREBOL,Mexico,N
TCB,"",Transporte del Caribe,TRANSCARIBE,Colombia,N
TCP,"",Transcorp Airways,TRANSCORP,United Kingdom,N
TFG,"",MAS Airways,TRAFALGAR,United Kingdom,N
TIK,"",Tic Air,TICAIR,Australia,N
TLV,"",Travelair,PAJAROS,Uruguay,N
TLX,"",Telesis Transair,TELESIS,United States,N
TMT,"",Trans Midwest Airlines,TRANS MIDWEST,United States,N
TMW,M8,Trans Maldivian Airways,"",Maldives,N
TOP,"",Top Air,AIR TOP,Turkey,N
TRH,"",Airmark Aviation,TRANSTAR,United States,N
TRK,"",Turkuaz Airlines,TURKU,Turkey,Y
TSE,TH,Transmile Air Services,TRANSMILE,Malaysia,N
TSH,"",Regional 1,TRANSCANADA,Canada,N
TSL,"",Thai Aviation Services,THAI AVIATION,Thailand,N
TUI,UG,Tuninter,"",Tunisia,Y
TWJ,"",Twinjet Aircraft Sales,"",United Kingdom,N
TWL,"",Tradewinds Aviation,TRADEWINDS CANADA,Canada,N
TXA,"",Texair Charter,OKAY AIR,United States,N
TXE,"",Transilvania Express,TRANSAIR EXPRESS,Romania,N
TXM,"",Taxi Aereo de Mexico,TAXIMEX,Mexico,N
UED,"",Air LA,AIR L-A,United States,N
UGA,"",Uganda Airlines,UGANDA,Uganda,N
UGC,"",Urgemer Canarias,URGEMER,Spain,N
UND,"",Atuneros Unidos de California,ATUNEROS UNIDOS,Mexico,N
URA,"",Aircompany Rosavia,ROSAVIA,Ukraine,N
USH,"",US Helicopter,US-HELI,United States,Y
UTT,"",Transarabian Transportation Services,ARABIAN TRANSPORT,Uganda,N
VAA,"",Van Air Europe,EUROVAN,Czech Republic,N
VAM,"",Ameravia,AMERAVIA,Uruguay,N
VBG,"",North-West Air Transport Company - Vyborg,VYBORG AIR,Russia,N
VCI,"",CI-Tours,CI-TOURS,Ivory Coast,N
VEG,"",Aerovega,AEROVEGA,Mexico,N
VFT,"",VZ Flights,ZETA FLIGHTS,Mexico,N
VGS,"",Stichting Vliegschool 16Hoven,SMART,Netherlands,N
VLA,"",Valan International Cargo Charter,NALAU,South Africa,N
VLF,"",DFS UK Limited,VOLANTE,United Kingdom,N
VRC,"",Taxi de Veracruz,VERACRUZ,Mexico,N
VSR,"",Aviostart AS,AVIOSTART,Bulgaria,N
VUO,"",Aerovuelox,AEROVUELOX,Mexico,N
VVA,"",Aviast Air,IALSI,Russia,N
WAL,WA,Western Airlines,WESTERN,United States,Y
WAR,"",NZ Warbirds Association,WARBIRDS,New Zealand,N
WAV,"",Warbelow's Air Ventures,WARBELOW,United States,N
WAW,"",Wings Airways,WING SHUTTLE,United States,N
WGA,"",Vega Air Company,WEGA FRANKO,Ukraine,N
WGP,"",Williams Grand Prix Engineering,GRAND PRIX,United Kingdom,N
WGT,"",Lion Air Services,WORLDGATE,United Kingdom,N
WIS,"",Paccair,WISCAIR,United States,N
WIW,"",V-avia Airline,VEE-AVIA,Ukraine,N
WOL,"",Wings Aviation,WINGJET,Guyana,N
WWD,CN,Westward Airways,WESTWARD,United States,N
WWL,"",Whyalla Airlines,"",Australia,N
WYG,"",Wyoming Airlines,WYOMING,United States,N
XAB,"",Xabre Aerolineas,AERO XABRE,Mexico,N
XBM,"",CBM America,AIRMAX,United States,Y
XCL,"",Contel ASC,"",United States,N
XPG,"",Southport Air Service,"",United States,N
XSN,"",Stephenville Aviation Services,"",Canada,N
XWW,"",World Weatherwatch,"",Canada,N
ZAW,"",Zoom Airways,ZED AIR,Bangladesh,N
...,..,Avilu,"",Switzerland,Y
:::,::,Llloyd Helicopters,"",Australia,N
AAY,G4,Allegiant Air,ALLEGIANT,United States,Y
ABU,"",Aerovias Bueno,AEROBUENO,Colombia,N
ADA,"",Airservices Australia,AUSCAL,Australia,N
ADP,"",Aerodiplomatic,AERODIPLOMATIC,Mexico,N
ADQ,"",Avion Taxi,AIR DATA,Canada,N
AEZ,"",Aerial Transit Company,AERIAL TRANZ,United States,N
AFU,Q9,Afrinat International Airlines,"",Gambia,N
AIB,AP,Airbus Industrie,AIRBUS INDUSTRIE,France,N
AIN,"",African International Airways,FLY CARGO,Swaziland,N
AJI,"",Ameristar Jet Charter,AMERISTAR,United States,N
AJS,"",Aeroejecutivos Colombia,AEROEJECUTIVOS,Colombia,N
AJW,"",Alpha Jet International,ALPHAJET,United States,N
AKL,4A,Air Kiribati,"",Kiribati,Y
ALQ,"",Altair Aviation (1986),ALTAIR,Canada,N
ALZ,"",Alta Flights (Charters) Ltd., ,Canada,N
AMJ,"",Aviation Amos,AVIATION AMOS,Canada,N
ANQ,"",Aerol,ANTIOQUIA,Colombia,N
API,"",ASA Pesada, Lda.,ASA PESADA,N
APQ,"",Aspen Aviation,ASPEN BASE,United States,N
ARB,"",Avia Air N.V.,AVIAIR,Aruba,N
ASI,"",Aerosun International, Inc.,AEROSUN,N
ATG,"",Aerotrans Airline,BACHYT,Kazakhstan,N
ATK,"",AeroTACA,AEROTACA,Colombia,N
ATV,"",Avanti Air,AVANTI AIR,Germany,N
AVY,"",Aerovaradero, S.A.,AEROVARADERO,N
AWE,HP,America West Airlines,CACTUS,United States,Y
AWJ,"",Sahel Airlines,SAHEL AIRLINES,Niger,N
AXP,"",Aeromax,AEROMAX SPAIN,Spain,N
BAW,BA,British Airways,SPEEDBIRD,United Kingdom,Y
BBL,"",IBM Euroflight Operations,BLUE,Switzerland,N
BCI,"",Blue Islands,BLUE ISLAND,United Kingdom,N
BDR,"",Badr Airlines,BADR AIR,Sudan,N
BGF,"",Aviodetachment-28,BULGARIAN,Bulgaria,N
BGG,"",Aero BG,AERO BG,Mexico,N
BGH,"",BH Air,BALKAN HOLIDAYS,Bulgaria,N
BHL,"",Bristow Helicopters,BRISTOW,United Kingdom,N
BHS,UP,Bahamasair,BAHAMAS,Bahamas,Y
BIN,"",Boise Interagency Fire Center,BISON-AIR,United States,N
BKH,"",RAF Barkston Heath,"",United Kingdom,N
BMJ,CH,Bemidji Airlines,BEMIDJI,United States,Y
BOD,"",Bond Air Services,UGABOND,Uganda,N
BRM,"",Air 500,BOOMERANG,Canada,N
BTV,7P,Metro Batavia,BATAVIA,Indonesia,Y
BZL,BZ,Aero Brazil,"",Brazil,N
CCB,"",CARICOM AIRWAYS (BARBADOS) INC.,"",Barbados,Y
CCI,PT,Capital Cargo International Airlines,CAPPY,United States,N
CDR,"",Canadian Regional Airlines,CANADIAN REGIONAL,Canada,N
CEX,"",Capitol Air Express,CAPITOL EXPRESS,United States,N
CGI,"",Rusair JSAC,CGI-RUSAIR,Russia,N
CKM,"",BKS Air (Rivaflecha),COSMOS,Spain,N
CKS,K4,Kalitta Air,CONNIE,United States,N
CLR,"",Trans America,CLINTON AIRWAYS,United States,N
CPB,"",Corpac Canada,PENTA,Canada,N
CPI,"",CAI,AIRCAI,Italy,N
CRG,2G,Cargoitalia,WHITE PELICAN,Italy,N
CRM,"",Commander Mexicana,COMMANDERMEX,Mexico,N
CRO,"",Crown Airways,CROWN AIRWAYS,United States,Y
CRR,"",Carranza,CARRANZA,Chile,N
CUD,"",Air Cudlua,Cudlua,United Kingdom,Y
CVO,"",Center Vol,CENTERVOL,Spain,N
CWL,"",Cranwell Flying Training Unit,CRANWELL,United Kingdom,N
CYM,"",Compass Airlines (Australia),Compair,Australia,N
DAA,"",Decatur Aviation,DECUR,United States,N
DAF,"",Danish Air Force,DANISH AIRFORCE,Denmark,N
DAU,D5,Dauair,DAUAIR,Germany,N
DBA,"",Air Alpha,DOUBLE-A,United States,N
DCE,"",Dutch Caribbean Express,DUTCH CARIBBEAN,Netherlands Antilles,N
DHE,"",DAP Helicopteros,HELIDAP,Chile,N
DHL,ER,Astar Air Cargo,DAHL,United States,N
DHV,"",DHL Aviation,WORLDSTAR,South Africa,N
DJA,HO,Antinea Airlines,ANTINEA,Algeria,N
DRD,NM,Air Madrid,ALADA AIR,Spain,Y
DRE,"",Drummond Island Air,MICHIGAN,United States,N
DTA,DT,TAAG Angola Airlines,DTA,Angola,Y
DUN,"",Dun'Air,DUNAIR,Mauritania,N
DWT,0D,Darwin Airline,DARWIN,Switzerland,Y
EAH,"",Baltimore Airways,EASTERN,United States,N
EBG,"",Eurosense,EUROSENSE,Bulgaria,N
ECS,"",Executive Aircraft Charter and Charter Services,ECHO,Ireland,N
ECU,"",Ecuavia,ECUAVIA,Ecuador,Y
EHA,"",East Hampton Aire,AIRE HAMPTON,United States,N
EIN,EI,Aer Lingus,SHAMROCK,Ireland,Y
ELK,--,ELK Airways,"",Estonia,Y
ELL,OV,Estonian Air,ESTONIAN,Estonia,Y
ENV,"",Victoria Aviation,ENDEAVOUR,United Kingdom,N
EPE,"",Aero Empresarial,AEROEMPRESARIAL,Mexico,N
ERO,7L,Sun D'Or,ECHO ROMEO,Israel,Y
ESB,"",Aerosaba,AEROSABA,Mexico,N
ESC,"",El Sol De America,SOLAMERICA,Venezuela,N
ESI,"",ESI Eliservizi Italiani,ELISERVIZI,Italy,N
ETS,"",Flygtransporter I Nykoping,EXTRANS,Sweden,N
EU9,EX,Europe Jet,"",France,Y
EUG,"",Euroguineana de Aviacion,EUROGUINEA,Equatorial Guinea,N
EXZ,"",East African Safari Air Express,TWIGA,Kenya,N
FAJ,PC,Air Fiji,FIJIAIR,Fiji,N
FCE,"",Flycolumbia,FLYCOLUMBIA,Spain,N
FCK,"",Flight Calibration Service,NAV CHECKER,Germany,N
FDF,"",IVV Femida,"",Russia,N
FDR,"",Federal Air,FEDAIR,South Africa,N
FHY,"",Free Bird Airlines,FREE BIRD,Turkey,N
FLC,"",FINFO Flight Inspection Aircraft,FLIGHT CHECK,United States,N
FMT,"",Air Fret De Mauritanie,"",Mauritania,N
FNY,"",France Marine Nationale,FRENCH NAVY,France,N
FOB,"",Ford Motor Company,FORDAIR,United Kingdom,N
FRL,"",Freedom Airlines,FREEDOM AIR,United States,Y
FTA,2F,Frontier Flying Service,FRONTIER-AIR,United States,Y
FTE,"",Fotografia F3,FOTOGRAFIA,Spain,N
GBN,"",Atlantic Airlines,ATLANTIC GABON,Gabon,N
GDK,"",Goldeck-Flug,GOLDECK FLUG,Austria,N
GEE,"",Geesair,GEESAIR,Canada,N
GER,GM,German International Air Lines,"",Germany,Y
GFN,"",The 955 Preservation Group,GRIFFON,United Kingdom,N
GGC,GG,Cargo 360,LONG-HAUL,United States,N
GMH,"",Hughes Aircraft Company,HUGHES EXPRESS,United States,N
GMI,ST,Germania,GERMANIA,Germany,Y
GMJ,"",Gamisa Aviacion,GAMISA,Spain,N
GNZ,"",General Aviation,GONZO,Poland,N
GSJ,"",Grossmann Jet Service,GROSSJET,Czech Republic,N
GSP,"",Airlift Alaska,GREEN SPEED,United States,N
GWN,"",Gwyn Aviation,GWYN,United Kingdom,N
HAH,GG,Air Comores International,AIR COMORES,Comoros,N
HDI,"",Hoteles Dinamicos,DINAMICOS,Mexico,N
HED,"",Herritage Aviation Developments,FLAPJACK,United Kingdom,N
HEM,"",CHC Helicopters,HEMS,Australia,N
HGR,"",Hangar 8,HANG,United Kingdom,N
HIS,"",Hispaniola Airways,HISPANIOLA,Dominican Republic,N
HJE,"",Servicios Ejecutivos Gosa,GOSA,Mexico,N
HLE,"",UK HEMS,HELIMED,United Kingdom,N
HNR,"",Haiti National Airlines (HANA),HANAIR,Haiti,N
HRH,WR,Royal Tongan Airlines,TONGA ROYAL,Tonga,N
HSR,"",Citylink Airlines,HOOSIER,United States,N
HZT,8C,Air Horizon,HORIZON TOGO,Togo,N
IBB,NT,Binter Canarias,"",Spain,Y
IBK,"",Norwegian Air International (D8),NORTRANS,Norway,Y
IBR,"",Ibertour Servicios Aereos,IBERTOUR,Spain,N
IDA,"",Indonesia Air Transport,INTRA,Indonesia,N
ILF,"",Island Air Charters,ISLAND FLIGHT,United States,N
IMP,HT,Hellenic Imperial Airways,IMPERIAL,Greece,Y
IOM,"",Island Aviation and Travel,ISLE AVIA,United Kingdom,N
IRE,"",Pariz Air,PARIZAIR,Iran,N
ISM,"",Auo Airclub AIST-M,STORK,Russia,N
IVT,"",Interaviatrans,INTERAVIA,Ukraine,N
IWA,ZM,Apache Air,APACHE,United States,Y
IWS,"",Aviainvest,"",Russia,N
JCF,"",Jet Center Flight Training,JET CENTER,Spain,N
JCK,"",Jackson Air Services,JACKSON,Canada,N
JIB,"",Jibair,JIBAIRLINE,Djibouti,N
JTM,"",Exxavia Limited,SKYMAN,Ireland,N
KAW,"",Kaz Air West,KAZWEST,Kazakhstan,N
KBA,"",Kenn Borek Air,BOREK AIR,Canada,N
KHM,"",Cambodia Airlines,CAMBODIA AIRLINES,Cambodia,N
KOE,"",Northland Aviation,KOKEE,United States,N
KSM,"",Kosmos,KOSMOS,Russia,Y
KTA,"",Kirov Air Enterprise,VYATKA-AVIA,Russia,N
KUS,"",National Airlines,KUSWAG,South Africa,N
LAA,LN,Libyan Arab Airlines,LIBAIR,Libya,Y
LAF,"",Latvian Air Force,LATVIAN AIRFORCE,Latvia,N
LAG,"",Aerovias De Lagos,AEROLAGOS,Mexico,N
LCH,"",Lynch Flying Service,LYNCH AIR,United States,N
LDN,"",Al-Donas Airlines,ALDONAS AIR,Nigeria,N
LPE,LP,LAN Peru,LANPERU,Peru,Y
LSP,"",Spectrum Aviation Incorporated,AIR TONY,United Kingdom,N
LVD,"",Luftfahrt-Vermietungs-Dienst,AIR SANTE,Austria,N
MAK,IN,MAT Macedonian Airlines,MAKAVIO,Macedonia,Y
MCA,"",MCA Airlines,CALSON,Sweden,Y
MCH,"",McAlpine Helicopters,MACLINE,United Kingdom,N
MCK,CC,Macair Airlines,"",Australia,Y
MCL,"",Medical Aviation Services,MEDIC,United Kingdom,N
MGL,OM,MIAT Mongolian Airlines,MONGOL AIR,Mongolia,Y
MGX,YM,Montenegro Airlines,MONTAIR,Montenegro,Y
MLK,"",Millennium Air,NIGERJET,Nigeria,N
MNJ,IM,Menajet,MENAJET,Lebanon,N
MRD,"",Meridian Air Cargo,MERIDIAN,United States,N
MTY,"",Air Montegomery,MONTY,United Kingdom,N
MYO,"",Dominguez Toledo (Grupo Mayoral),MAYORAL,Spain,N
NAL,NA,National Airlines,NATIONAL,United States,N
NAR,"",Air Continental Inc,NIGHT AIR,United States,N
NCR,N8,National Air Cargo,"",United States,Y
NFT,"",Nefteyugansk Aviation Division,NEFTEAVIA,Russia,N
NSF,"",Northamptonshire School of Flying,NORTON,United Kingdom,N
NUN,"",Nunasi-Central Airlines,NUNASI,Canada,N
NWS,"",NordWind Airlines,NORDLAND,Russia,N
OAA,"",Oxley Aviation,"",Australia,N
OCO,"",Ostend Air College,AIR COLLEGE,Belgium,N
OED,"",Orion Air Charter,ORION CHARTER,South Africa,N
OIC,"",Iwamoto Crane Co Ltd,"",Japan,N
ONE,O6,Oceanair,OCEANAIR,Brazil,Y
OOT,"",Out Of The Blue Air Safaris,OOTBAS,South Africa,N
ORK,"",Orca Air,ORCA TAXI,Egypt,N
OSL,SO,Sosoliso Airlines,SOSOLISO,Nigeria,N
PAI,"",Paradise Airways,SEA RAY,United States,N
PCN,"",Princeton Aviation Corporation,PRINCETON,United States,N
PER,"",Pioneers Limited,"",Pakistan,N
PHE,"",Pawan Hans,PAWAN HANS,India,N
PIR,NR,Pamir Airways,PAMIR,Afghanistan,N
PLU,"",Pilatus PC-12 Center De Mexico,PILATUS MEXICO,Mexico,N
PMW,I7,Paramount Airways,PARAWAY,India,Y
PNT,"",Balmoral Central Contracts,PORTNET,South Africa,N
POR,"",Porteadora De Cosola,PORTEADORA,Mexico,N
PPK,"",Ramp 66,PELICAN,United States,N
PTS,"",Points of Call Airlines,POINTSCALL,Canada,N
PUE,"",Aeropuelche,PUELCHE,Chile,N
QQQ,"",ENTERair,"",Poland,Y
QSC,QS,African Safari Airways,ZEBRA,Kenya,N
QVR,"",Kvadro Aero,PEGASO,Kyrgyzstan,N
RAG,"",Regio Air,GERMAN LINK,Germany,N
RBD,"",Trans World Express,RED BIRD,United States,N
RBJ,"",Aeroserivios Del Bajio,AEROBAJIO,Mexico,N
REW,"",Regional Air Express,REGIONAL WINGS,Germany,N
REZ,"",Cal-West Aviation,CAL AIR,United States,N
RGL,"",Regional Air Lines,MAROC REGIONAL,Morocco,N
RIL,"",Regional Air,"",Mauritania,N
RKC,"",DAS Airlines,DAS CONGO,Democratic Republic of the Congo,N
RLU,"",Rusline,RUSLINE AIR,Russia,Y
RMP,"",Servicios De Rampa Y Mostrador,SERAMSA,Mexico,N
RNR,"",Air Cargo Masters,RUNNER,United States,N
RNY,RM,Rainbow Air US,Rainbow Air,United States,Y
ROB,7V,ROYAL BRITAIN,"",United Kingdom,N
ROC,"",Rocky Mountain Airlines,"",Canada,N
ROK,N7,National Airlines,RED ROCK,United States,N
ROP,"",Royal Oman Police,"",Oman,N
RRT,"",Transportes Aereos Sierra,SIERRA ALTA,Mexico,N
RSE,"",SNAS Aviation,RED SEA,Saudi Arabia,N
RTE,"",Aeronorte,LUZAVIA,Portugal,Y
RVC,"",Richards Aviation,RIVER CITY,United States,N
RWL,"",RWL Luftfahrtgesellschaft,RHEINTRAINER,Germany,N
RWZ,WZ,Red Wings,AIR RED,Russia,Y
RXA,ZL,Regional Express,REX,Australia,Y
SAJ,"",Golden Eagle Air Services (FAA),SAJEN,Canada,N
SAQ,"",Springbank Aviation,SPRINGBANK,Canada,N
SBC,"",Emoyeni Air Charter,SABIAN AIR,South Africa,N
SBG,"",Sabre Incorporated,"",United States,N
SDI,"",San Dima Air,FAREFLIGHT,United States,Y
SEF,"",Aero Servicios Ejecutivas Del Pacifico,SERVIPACIFICO,Mexico,N
SEH,G3,Sky Express,AIR CRETE,Greece,Y
SFC,"",Shuswap Flight Centre,SHUSWAP,Canada,N
SHD,"",Sahara Airlines,"",Algeria,Y
SHS,"",Shura Air Transport Services,SHURA AIR,Ethiopia,N
SIJ,"",Seco International,"",Japan,N
SIP,"",Air Spirit,AIR SPIRIT,United States,N
SKD,"",Sky Harbor Air Service,SKY DAWG,United States,N
SMG,"",RAF St Mawgan Search and Rescue,"",United Kingdom,N
SMW,"",Carpatair Flight Training,Smartwings,Romania,Y
SQC,SQ,Singapore Airlines Cargo,SINGCARGO,Singapore,Y
SRB,"",Solar Air,Solar Air,Thailand,Y
SRR,"",Star Air,WHITESTAR,Denmark,N
SSN,"",Airquarius Air Charter,SUNSTREAM,South Africa,N
SUI,"",Swiss Air Force,SWISS AIR FORCE,Switzerland,N
SUK,"",Superior Aviation Services,SKYCARGO,Kenya,N
SUP,"",Aerosuper,AEROSUPER,Mexico,N
SVL,"",Sevastopol-Avia,SEVAVIA,Ukraine,N
SVX,"",Security Aviation,SECURITY AIR,United States,N
SWD,A4,Southern Winds Airlines,SOUTHERN WINDS,Argentina,Y
SZA,"",Aerolineas De El Salvador,AESA,El Salvador,N
TBO,"",Aero Taxi de Los Cabos,AERO CABOS,Mexico,N
TCV,VR,TACV,CABOVERDE,Portugal,Y
TEZ,"",Tez Jet Airlines,"",Kyrgyzstan,Y
TGY,"",Trans Guyana Airways,TRANS GUYANA,Guyana,N
THG,"",Thai Global Airline,THAI GLOBAL,Thailand,N
THO,"",TACA De Honduras,LEMPIRA,Honduras,N
TIH,"",S C Ion Tiriac,TIRIAC AIR,Romania,N
TLC,"",Caribbean Express,CARIB-X,United States,N
TLU,"",Aero Toluca Internactional,AEROTOLUCA,Mexico,N
TMA,TL,Trans Mediterranean Airlines,TANGO LIMA,Lebanon,Y
TPU,"",Trans American Airlines (Trans Am),TRANS PERU,Peru,N
TRM,"",Transport Aerien de Mauritanie,SOTRANS,Mauritania,N
TSP,"",Transportes Aereos Inter,TRANSPO-INTER,Guatemala,N
TUO,"",Taxi Aereo Turistico,TURISTICO,Mexico,N
TUR,"",ATUR,"",Ecuador,Y
TUZ,"",Tuna Aero,TUNA,Sweden,N
TVR,T6,Tavrey Airlines,TAVREY,Ukraine,N
TWF,"",247 Jet Ltd,CLOUD RUNNER,United Kingdom,N
TXB,"",Bell Helicopter Textron,TEXTRON,Canada,N
TXI,"",Aereotaxis,AEREOTAXIS,Mexico,N
TXL,"",Taxi Aereo Cozatl,TAXI COZATL,Mexico,N
TXW,TQ,Texas Wings,TXW,United States,Y
TZE,"",Transporte Aereo Ernesto Saenz,TRANSPORTE SAENZ,Mexico,N
UAI,"",Union Africaine des Transports,UNAIR,Ivory Coast,N
UAL,UA,United Airlines,UNITED,United States,Y
UCS,"",United Carriers Systems,UNITED CARRIERS,United States,N
UST,"",Austro Aereo,AUSTRO AEREO,Ecuador,N
VAG,"",Vega,SEGA,Kazakhstan,N
VGF,"",Aerovista Gulf Express,VISTA GULF,United Arab Emirates,N
VIC,"",VIP Servicios Aereos Ejecutivos,VIP-EJECUTIVO,Mexico,N
VLE,VE,Volare Airlines,VOLA,Italy,Y
VLM,VG,VLM Airlines,RUBENS,Belgium,Y
VMR,"",Aero Vilamoura,AERO VILAMOURA,Portugal,N
VTG,"",Aviacao Transportes Aereos e Cargas,ATACARGO,Angola,N
VTS,"",Everts Air Alaska/Everts Air Cargo,EVERTS,United States,N
VXN,"",Sunset Aviation,VIXEN,United States,N
WAJ,"",AirAsia Japan,WING ASIA,Japan,Y
WDS,"",Four Winds Aviation,WINDS,United States,N
WML,"",Chantilly Air,MARLIN,United States,N
WTP,"",Westpoint Air,WESTPOINT,Canada,N
XAH,"",Executive Aircraft Services,"",United Kingdom,N
XAK,"",Airkenya,SUNEXPRESS,Kenya,N
XAX,D7,AirAsia X,XANADU,Malaysia,Y
XCT,"",Aero Costa Taxi Aereo,AEROCOSTAXI,Mexico,N
XDD,"",Lockheed DUATS,"",United States,N
XIA,"",Irving Oil,"",Canada,N
XLA,JN,Excel Airways,EXPO,United Kingdom,Y
XLD,"",Jeppesen Data Plan,"",United States,N
XNT,"",Notams International,"",United States,N
XPE,"",Amira Air,EXPERT,Austria,N
XSL,"",Embry-Riddle Aeronautical University,SATSLAB,United States,N
XSS,"",Aero Express Intercontinental,INTER EXPRESS,Mexico,N
XTJ,"",Advance Aviation Services,"",United States,N
XTO,"",Express Tours,EXPRESS TOURS,Canada,N
ZAN,"",Zantop International Airlines,ZANTOP,United States,N
ZCS,77,Southjet connect,"",United States,Y
AAH,AQ,Aloha Airlines,ALOHA,United States,Y
AAM,"",Aviation Management Corporation,AM CORP,United States,N
ABD,CC,Air Atlanta Icelandic,ATLANTA,Iceland,Y
ADD,"",Advanced Air Co.,"",Japan,N
ADI,"",Audeli Air,AUDELI,Spain,N
ADL,"",Aero Dynamics,COTSWOLD,United Kingdom,N
ADT,"",Air Dorval,AIR DORVAL,Canada,N
ADW,"",Air Andaman,AIR ANDAMAN,Thailand,N
ADY,"",Aerodyne,AERODYNE,United States,N
AEB,EM,Aero Benin,AEROBEN,Benin,Y
AEE,A3,Aegean Airlines,AEGEAN,Greece,Y
AEY,I9,Air Italy,AIR ITALY,Italy,Y
AFX,"",Airfreight Express, ,United Kingdom,N
AHU,"",ABC Air Hungary,ABC HUNGARY,Hungary,N
AIX,"",Aircruising Australia,CRUISER,Australia,N
AJC,"",Bar Harbor Airlines,BAR HARBOR,United States,N
AJE,"",Aero Jet Express,JET EXPRESS,Mexico,N
AJT,M6,Amerijet International,AMERIJET,United States,N
AMA,"",ATMA,ADIK,Kazakhstan,N
ANU,"",Andalus Lineas Aereas,Andalus,Spain,Y
AQT,"",Aviones de Renta de Quintana Roo, S.A. de C.V.,AVIOQUINTANA,N
ARC,"",Air Routing International Corp., ,United States,N
ART,"",Aerotal Aerolineas Territoriales de Colombia Ltda,AEROTAL,Colombia,N
ASE,PL,Airstars,MOROZOV,Russia,N
ASL,JU,Air Serbia,AIR SERBIA,Serbia,Y
ASW,"",Air Southwest Ltd.,AIRSOUTHWEST,Canada,N
AUC,"",Transaustralian Air Express,AUSCARGO,Australia,N
AUD,"",Audi Air, Inc.,AUDI AIR,N
AUH,MO,Abu Dhabi Amiri Flight,SULTAN,United Arab Emirates,Y
AUI,PS,Ukraine International Airlines,UKRAINE INTERNATIONAL,Ukraine,Y
AUJ,"",Business Flight Salzburg,AUSTROJET,Austria,N
AUK,"",AUOS,AUOS,United Kingdom,N
AWB,"",Airways International, Inc.,AIRNAT,N
AWL,"",Australian Wetleasing,AUSSIEWORLD,Australia,N
AWO,"",Awood Air Ltd.,AWOOD AIR,Canada,N
AWZ,"",AirWest, ,Sudan,N
AXD,"",Air Express,AIR SUDEX,Sudan,N
AXQ,"",Action Airlines (Action Air Charter),ACTION AIR,United States,N
AXY,6V,Axis Airways,AXIS,France,N
AZM,"",Aerocozumel,AEROCOZUMEL,Mexico,N
AZR,"",Zenith Air,ZENAIR,South Africa,N
BAF,"",Belgian Air Force,BELGIAN AIRFORCE,Belgium,N
BAR,"",Bradly Air (Charter) Services,BRADLEY,Canada,N
BBC,BG,Biman Bangladesh Airlines,BANGLADESH,Bangladesh,Y
BDA,BZ,Blue Dart Aviation,BLUE DART,India,N
BER,AB,Air Berlin,AIR BERLIN,Germany,Y
BHO,"",Bhoja Airlines,BHOJA,Pakistan,N
BHY,"",Bosphorus European Airways,BOSPHORUS,Turkey,N
BIH,BS,British International Helicopters,BRINTEL,United Kingdom,Y
BJS,"",Business Jet Solutions,SOLUTION,United States,N
BKJ,"",Barken International,BARKEN JET,United States,N
BME,"",Briggs Marine Environmental Services,BRIGGS,United Kingdom,N
BNR,"",Bonair Aviation,BONAIR,Canada,N
BOI,"",Aboitiz Air,ABAIR,Philippines,N
BOV,"",Boliviana de Aviacion (OB),BOLIVIANA,Bolivia,Y
BPO,"",Bundepolizei-Fliegertruppe,PIROL,Germany,N
BRO,"",BASE Regional Airlines,COASTRIDER,Netherlands,N
BRR,"",Mountain Air Service,MOUNTAIN AIR,United States,N
BRW,"",Bright Aviation Services,BRIGHT SERVICES,Bulgaria,N
BWI,"",Blue Wing Airlines,BLUE TAIL,Suriname,N
BXH,"",Bar XH Air,PALLISER,Canada,N
CA1,C1,CanXpress,CAX,Canada,Y
CAK,"",Congo Air,"",Bahamas,N
CAO,"",Air China Cargo,AIRCHINA FREIGHT,China,N
CAV,MO,Calm Air,CALM AIR,Canada,N
CAX,"",Central Air Express,CENTRAL EXPRESS,Democratic Republic of Congo,N
CBE,"",Aerovias Caribe,AEROCARIBE,Mexico,N
CEB,5J,Cebu Pacific,CEBU AIR,Philippines,Y
CES,MU,China Eastern Airlines,CHINA EASTERN,China,Y
CFN,"",Church Fenton Flying Training Unit,CHURCH FENTON,United Kingdom,N
CFR,"",Africa One,"",Democratic Republic of the Congo,N
CKA,"",Cook Inlet Aviation,COOK-AIR,United States,N
CKK,CK,China Cargo Airlines,CARGO KING,China,N
CLI,XG,Calima Aviacion,CALIMA,Spain,Y
CMH,"",Commair Aviation,COMMODORE,United Kingdom,N
CMZ,"",CM Stair,CEE-EM STAIRS,Mauritania,N
COD,"",Concordavia,CONCORDAVIA,Ukraine,N
CPJ,"",Baltimore Air Transport,CORPJET,United States,N
CQH,9S,Spring Airlines,AIR SPRING,China,Y
CQN,OQ,Chongqing Airlines,CHONG QING,China,Y
CRZ,"",Cruzeiro do Sul Servicos Aereos,"",Brazil,N
CSC,3U,Sichuan Airlines,SI CHUAN,China,Y
CSO,"",Casino Airline,CASAIR,United States,N
CTA,"",Aero Charter and Transport,CHAR-TRAN,United States,N
CTM,"",Commandement Du Transport Aerien Militaire Francais,COTAM,France,N
CTN,OU,Croatia Airlines,CROATIA,Croatia,Y
CVL,"",Coval Air,COVAL,Canada,N
CVR,"",Chevron U.S.A,CHEVRON,United States,N
CYH,3Q,Yunnan Airlines,YUNNAN,China,Y
DAK,"",First Flying,"",Japan,Y
DCL,"",Transportes Aereos Don Carlos,DON CARLOS,Chile,N
DEF,"",Aviation Defense Service,TIRPA,France,N
DFA,"",Aero Coach Aviation,AERO COACH,United States,N
DIA,"",Direct Air,BLUE SKY,United States,N
DIR,AW,Dirgantara Air Service,DIRGANTARA,Indonesia,N
DJB,D8,Djibouti Airlines,DJIBOUTI AIR,Djibouti,Y
DLK,"",Deccan Aviation (Lanka),DEKKANLANKA,Sri Lanka,N
DML,"",Aerotaxis Dosmil,"",Mexico,N
DNY,"",Danish Navy,DANISH NAVY,Denmark,N
DOI,"",U.S. Department of the Interior,INTERIOR,United States,N
DOP,"",Dancopter,DANCOPTER,Denmark,N
DSN,"",DESNA,DESNA,Ukraine,N
DSR,WD,DAS Air Cargo,DAIRAIR,Uganda,N
DTH,SF,Tassili Airlines,TASSILI AIR,Algeria,N
DWA,KP,Dense Airways,DENSE,United States,Y
DWN,"",Dawn Air,DAWN AIR,United States,N
EAB,"",Swiss Eagle,SWISS EAGLE,Switzerland,N
EAF,E7,European Aviation Air Charter,EUROCHARTER,United Kingdom,N
EAY,EE,Aero Airlines,REVAL,Estonia,N
ENZ,"",Jota Aviation,ENZO,United Kingdom,Y
ERH,"",Era Helicopters,ERAH,United States,N
ETL,"",Patterson Aviation Company,ENTEL,United States,N
ETM,"",Etram Air Wing,ETRAM,Angola,N
EUD,"",Air Italy Egypt,"",Egypt,Y
EVA,BR,EVA Air,EVA,Taiwan,Y
EXG,"",Air Exchange,EXCHANGE,United States,N
EXS,LS,Jet2.com,CHANNEX,United Kingdom,Y
EXW,"",Executive Airlines Services,ECHOLINE,Nigeria,N
FAP,"",Parsons Airways Northern,"",Canada,N
FAT,"",Farnair Switzerland,FARNER,Switzerland,N
FAU,"",Falcon Airline,FALCON AIRLINE,Nigeria,N
FAW,"",Falwell Aviation,FALWELL,United States,N
FDO,"",France Douanes,FRENCH CUSTOM,France,N
FES,"",Aero Taxis Y Servicios Alfe,AERO ALFE,Mexico,N
FFA,"",Avialesookhrana,AVIALESOOKHRANA,Russia,N
FGT,"",Aero Freight,FREIAERO,Mexico,N
FHL,"",Fast Helicopters,FINDON,United Kingdom,N
FJS,"",Florida Jet Service,FLORIDAJET,United States,N
FLS,"",Fairlines,FAIRLINE,Netherlands,N
FNA,"",Norlandair,NORLAND,Iceland,Y
FNG,"",Frontier Guard,FINNGUARD,Finland,N
FPO,"",Europe Airpost,FRENCH POST,France,N
FPS,"",Flightpass Limited,FLIGHTPASS,United Kingdom,N
FRC,"",Icare Franche Compte,FRANCHE COMPTE,France,N
FTI,"",FTI Fluggesellschaft,"",Germany,N
FTS,"",First Sabre,FIRST SABRE,Mexico,N
FUA,FH,Futura International Airways,FUTURA,Spain,N
GCO,GR,Gemini Air Cargo,GEMINI,United States,N
GFI,8B,Caribbean Star Airlines,CARIB STAR,Antigua and Barbuda,N
GGE,"",Gobierno De Guinea Ecuatorial,"",Equatorial Guinea,N
GGN,ZX,Air Georgian,GEORGIAN,Canada,N
GLG,2K,Aerolineas Galapagos (Aerogal),AEROGAL,Ecuador,Y
GND,"",Grand Airways,GRAND VEGAS,United States,N
GOJ,"",EuroJet Aviation,GOJET,United Kingdom,N
GOR,"",Gorlitsa Airlines,GORLITSA,Ukraine,N
GOW,G8,Go Air,GOAIR,India,Y
GRR,"",Agroar - Trabalhos Aereos,AGROAR,Portugal,N
GUI,3X,Aguilar Connect,Moonexpress,Chile,N
GWS,"",General Airways,GENAIR,South Africa,N
HAU,"",Skyhaul,SKYHAUL,Japan,N
HAW,"",Bangkok Aviation Center,THAI HAWK,Thailand,N
HEA,"",Heliavia-Transporte Aereo,HELIAVIA,Portugal,N
HEX,"",Honiara Cargo Express,HONIARA CARGO,Solomon Islands,N
HIP,"",Starship,STARSA,Mexico,N
HJT,"",Al Rais Cargo,AL-RAIS CARGO,United Arab Emirates,N
HLP,"",Helipistas,HELIPISTAS,Spain,N
HMC,"",Heliamerica De Mexico,HELIAMERICA,Mexico,N
HMM,"",Hamra Air,HAMRA,United Arab Emirates,N
HMV,"",Homac Aviation,HOMAC,Luxembourg,N
HOM,"",Aero Homex,AERO HOMEX,Mexico,N
HTL,"",Jet Link Aviation,HEARTLAND,United States,N
HUC,"",Aerloineas de Techuacan,LINEAS TEHUACAN,Mexico,N
HZA,BN,Horizon Airlines,"",Australia,Y
IAI,"",Israel Aircraft Industries,ISRAEL AIRCRAFT,Israel,N
IEP,"",Elipiu',ELIPIU,Italy,N
IIA,"",AIR INDOCHINE,"",Vietnam,Y
IIL,"",India International Airways,INDIA INTER,India,N
ILP,"",Ilpo Aruba Cargo,"",Aruba,N
INL,"",Intal Avia,INTAL AVIA,Kyrgyzstan,N
INO,"",Aeroservicios Intergrados de Norte,INTENOR,Mexico,N
IRL,"",Irish Air Corps,IRISH,Ireland,N
IRX,"",Aria Tour,ARIA,Iran,N
IST,"",Istanbul Airlines,ISTANBUL,Turkey,N
J88,N4,Regionalia México,"",Mexico,Y
JBU,B6,JetBlue Airways,JETBLUE,United States,Y
JCI,"",Jordan International Air Cargo,"",Jordan,N
JEA,"",Jet Air,JETA,Poland,N
JLX,"",Jetlink Express,KEN JET,Kenya,N
JOB,"",Aerojobeni,JOBENI,Mexico,N
JST,JQ,Jetstar Airways,JETSTAR,Australia,Y
JUB,"",Jubba Airways,JUBBA,Somali Republic,N
JUS,U7,USA Jet Airlines,JET USA,United States,N
KFK,"",Aero Charter Krifka,KRIFKA AIR,Austria,N
KFR,IT,Kingfisher Airlines,KINGFISHER,India,Y
KGC,"",Peach Air,GOLDCREST,United Kingdom,N
KHE,"",Kanfey Ha'emek Aviation,KANFEY HAEMEK,Israel,N
KIS,C3,Contact Air,CONTACTAIR,Germany,Y
KLA,TT,Air Lithuania,KAUNAS,Lithuania,N
KLG,"",Karlog Air Charter,KARLOG,Denmark,N
KMA,"",Komiaviatrans State Air Enterprise,KOMI AVIA,Russia,N
KMB,"",Delta Engineering Aviation,KEMBLEJET,United Kingdom,N
KRE,"",AeroSucre,AEROSUCRE,Colombia,N
KRG,"",Krimaviamontag,AVIAMONTAG,Ukraine,N
KSP,"",Servicios Aereos Expecializados En Transportes Petroleros,SAEP,Colombia,N
KSY,KY,KSY,KSY,Greece,Y
KTN,"",Aeronavigaciya,AERONAVIGACIYA,Ukraine,N
KVS,"",Kevis,KEVIS,Kazakhstan,N
LAP,PZ,TAM Mercosur,PARAGUAYA,Paraguay,Y
LEX,"",L'Express,LEX,United States,N
LHS,"",Luhansk,ENTERPRISE LUHANSK,Ukraine,N
LIJ,"",Lineas Aereas San Jose,LINEAS JOSE,Mexico,N
LIL,TE,FlyLal,LITHUANIA AIR,Lithuania,Y
LLA,"",Servico Leo Lopex,LEO LOPOZ,Mexico,N
LLL,"",Lao Air Company,LAVIE,Lao Peoples Democratic Republic,N
LMT,"",Almaty Aviation,ALMATY,Kazakhstan,N
LRB,"",L R Airlines,LADY RACINE,Czech Republic,N
LRW,"",Al Rida Airways,AL RIDA,Mauritania,N
LTI,"",Aerotaxis Latinoamericanos,LATINO,Mexico,N
LTR,L5,Lufttransport,LUFT TRANSPORT,Norway,Y
LUV,"",Luxembourg Air Rescue,LUX RESCUE,Luxembourg,N
MBO,"",Mobil Oil,MOBIL,Canada,N
MCP,"",Marcopolo Airways,MARCOPOLO,Afghanistan,N
MDJ,"",Jetran Air,JETRAN AIR,Romania,N
MDR,"",Compania Mexicana De Aeroplanos,AEROPLANOS,Mexico,N
MEY,"",Justair Scandinavia,MELODY,Sweden,N
MHS,"",Air Memphis,AIR MEMPHIS,Egypt,N
MIF,"",Miras,MIRAS,Kazakhstan,N
MIS,"",Midstate Airlines,MIDSTATE,United States,N
MIT,"",Flight Line,MATCO,United States,N
MLN,"",Air Madeleine,AIR MADELEINE,Canada,N
MPO,"",Transportes Aereos Amparo,AMPARO,Mexico,N
MPR,"",Empire Aviation Services,"",Nigeria,N
MSG,"",Servico Aereo Regional,SAR-REGIONAL,Mozambique,N
MTB,"",Aerotaxis Metropolitanos,AEROMETROPOLIS,Mexico,N
MTF,"",Interjet,INTERJET,Italy,N
MTZ,"",Mali Airways,MALI AIRWAYS,Mali,N
MWI,"",Malaysia Wings,MWI,Malaysia,Y
MXA,MX,Mexicana de Aviaci,MEXICANA,Mexico,Y
MXE,"",Mocambique Expresso,MOZAMBIQUE EXPRESS,Mozambique,N
MZL,"",Aerovias Montes Azules,MONTES AZULES,Mexico,N
MZS,M2,Mahfooz Aviation,MAHFOOZ,Gambia,N
NBK,F4,Albarka Air,AL-AIR,Nigeria,N
NCG,"",Nederlandse Kustwacht,NETHERLANDS COASTGUARD,Netherlands,N
NGX,"",Nigerian Global,AIR GLOBAL,Nigeria,N
NIA,NP,Nile Air,NILEBIRD,Egypt,Y
NKV,"",Nikolaev-Air,AIR NIKOLAEV,Ukraine,N
NLA,"",Neiltown Air,NEILTOWN AIR,Canada,N
NLC,"",Nelair Charters,NELAIR,South Africa,N
NLY,HG,Niki,FLYNIKI,Austria,Y
NML,"",Gambia New Millennium Air,NEWMILL,Gambia,N
NRO,"",Aero Rent JSC,AEROMASTER,Russia,N
NSA,"",Nile Safaris Aviation,NILE SAFARIS,Sudan,N
NUL,"",Aeroservicios De Nuevo Leon,SERVICIOS NUEVOLEON,Mexico,N
NVL,"",Navigator Airlines,NAVLINES,Armenia,N
NWE,"",Northwest Aero Associates,"",United States,N
NWO,"",Northwood Headquarters (RAF,"",United Kingdom,N
OCE,"",Heliocean,HELIOCEAN,France,N
OEA,OX,Orient Thai Airlines,ORIENT THAI,Thailand,Y
OKP,"",Okapi Airways,OKAPI,Democratic Republic of Congo,N
OLT,OL,Ostfriesische Lufttransport,OLTRA,Germany,Y
OLV,"",Aerolineas Olve,OLVE,Mexico,N
ORC,OI,Orchid Airlines,"",Australia,Y
OXO,"",Million Air,MILL AIR,United States,N
PBW,"",Polizeihubschrauberstaffel Baden-Wurtemberg,BUSSARD,Germany,N
PCA,"",Penya De L'Aire,PENA DEL AIRE,Spain,N
PDV,"",Elicar,ELICAR,Italy,N
PEI,"",Panamedia,PANAMEDIA,Spain,N
PFT,"",Air Cargo Express International,PROFREIGHT,United States,N
PGT,PC,Pegasus Airlines,SUNTURK,Turkey,Y
PHT,"",Pan Havacilik Ve Ticaret,PANANK,Turkey,N
PHW,"",Ave.com,PHOENIX SHARJAH,United Arab Emirates,N
PIC,BL,Jetstar Pacific,PACIFIC AIRLINES,Vietnam,Y
PIO,"",Pioneer Airlines,PIONEER,United States,N
PJA,"",Private Jet Management,PRIVATE FLIGHT,United States,N
PLN,"",Planar,PLANAR,Angola,N
PON,"",Portuguese Navy,PORTUGUESE NAVY,Portugal,N
PPC,"",Palau Asia Pacific Airlines,PALAU ASIAPAC,Palau,N
PPG,"",Phoenix Air Transport,PAPAGO,United States,N
PPS,"",Butte Aviation,PIPESTONE,United States,N
PSB,"",Syrian Pearl Airlines,"",Syria,Y
PTE,"",Aero Copter,"",Mexico,N
PTK,"",Petropavlovsk-Kamchatsk Air Enterprise,PETROKAM,Russia,N
PVG,"",Privilege Style L,PRIVILEGE,Spain,N
PVL,"",Professione VOlare,VOLARE,Italy,N
PWD,"",Pan Am World Airways,"",Dominican Republic,N
QCC,"",Qwest Commuter Corporation,QWEST AIR,United States,N
QWL,"",Qwila Air,Q-CHARTER,South Africa,N
RAR,GZ,Air Rarotonga,"",Cook Islands,Y
RAW,KG,Royal Airways,RAW,United States,Y
RAY,RY,Rainbow Air Canada,Rainbow CAN,Canada,Y
RCJ,"",Raytheon Corporate Jets,NEWPIN,United Kingdom,N
RGT,"",Airbourne School of Flying,AIRGOAT,United Kingdom,N
RHA,"",Robin Hood Aviation,Sherwood,Austria,N
RLN,QL,Aero Lanka,AERO LANKA,Sri Lanka,Y
RLX,"",Go2Sky,RELAX,Slovakia,Y
RMS,"",Tas Aviation,TASS AIR,United States,N
ROU,"",Transportes Aereos I.R. Crusoe,ROBINSON CRUSOE,Chile,N
RPK,R0,Royal Airlines,ROYAL PAKISTAN,Pakistan,N
RQX,"",Air Engiadina-BRN,Engiadina,Switzerland,N
RRZ,"",Rollright Aviation,ROLLRIGHT,United Kingdom,N
RYR,FR,Ryanair,RYANAIR,Ireland,Y
RZO,S4,SATA International,AIR AZORES,Portugal,Y
SAA,SA,South African Airways,SPRINGBOK,South Africa,Y
SAN,"",Servicios Aereos Nacionales (SAN),AEREOS,Ecuador,N
SAW,"",Sham Wing Airlines,SHAMWING,Syrian Arab Republic,N
SDK,"",SADELCA - Sociedad Aerea Del Caqueta,SADELCA,Colombia,N
SEL,"",Sentel Corporation,SENTEL,United States,N
SEN,"",Sevenair,SEVENAIR,Tunisia,Y
SEQ,I6,Sky Eyes,SKY EYES,Thailand,N
SET,EH,SAETA,SAETA,Ecuador,N
SFG,"",Sun Freight Logistics,AERO GULF,Thailand,N
SHU,"",Sakhalinskie Aviatrassy (SAT),SATAIR,Russia,N
SIS,"",Saber Airlines,"",Egypt,N
SJA,"",Servicios Aereos Especiales De Jalisco,SERVICIOJAL,Mexico,N
SJN,"",Air San Juan,SAN JUAN,United States,N
SKO,"",Scottish Airways Flyers,SKYWORK,United Kingdom,N
SKW,OO,SkyWest,SKYWEST,United States,Y
SLG,"",Saskatchewan Government,LIFEGUARD,Canada,N
SOB,"",Stabo Freight,STABO,Zambia,N
SPC,"",Skyworld Airlines,PORT,United States,N
SPN,"",Skorpion Air,AIR SKORPIO,Bulgaria,N
SRG,"",Search and Rescue 202,"",United Kingdom,N
SSO,"",Special Scope Limited,DOPE,United Kingdom,N
SSS,"",SAESA,SAESA,Spain,N
STA,"",Star Aviation,STAR,United Kingdom,N
STS,SX,Starling Airlines Spain,STARLING,Spain,N
SWU,"",Swiss European Air Lines,EUROSWISS,Switzerland,Y
SXM,"",Servicios Aereos Sepecializados Mexicanos,SERVIMEX,Mexico,N
SYE,"",Sheba Aviation,"",Yemen,N
SYJ,"",Slate Falls Airways,"",Canada,N
SZB,"",Aerolineas heredas santa maria,"",Dominican Republic,Y
T33,H3,THREE,"",China,N
TBD,"",Thunderbird Tours,ORCA,Canada,N
TCU,"",Transglobal Airways Corporation,TRANSGLOBAL,Philippines,N
TDG,"",Air Cargo Express,TURBO DOG,United States,N
TDM,TQ,Tandem Aero,TANDEM,Moldova,N
TFY,"",Tayside Aviation,TAYSIDE,United Kingdom,N
TGA,YT,Air Togo,AIR TOGO,Togo,N
TGC,"",TG Aviation,THANET,United Kingdom,N
TGZ,A9,Georgian Airways,TAMAZI,Georgia,Y
THC,"",Tar Heel Aviation,TARHEEL,United States,N
TJN,"",Tien-Shan,NERON,Kazakhstan,N
TLD,"",Aero Taxi Autlan,AEREO AUTLAN,Mexico,N
TLE,"",Aero Util,AEROUTIL,Mexico,N
TLP,TD,Tulip Air,TULIPAIR,Netherland,N
TMQ,"",TRAM,TRAM AIR,Mauritania,N
TNB,"",Trans Air-Benin,TRANS-BENIN,Benin,N
TND,"",Aero Taxis Cessna,TAXIS CESSNA,Mexico,N
TP3,T1,TROPICAL LINHAS AEREAS,"",Brazil,N
TPA,QT,TAMPA,TAMPA,Colombia,Y
TPV,"",Thai Pacific Airlines Business,THAI PACIFIC,Thailand,N
TPZ,"",Transportes La Paz,TRANSPAZ,Mexico,N
TRQ,"",Turdus Airways,HUNTER,Netherland,N
TRZ,T9,TransMeridian Airlines,TRANS-MERIDIAN,United States,N
TTS,"",Transporte Aereo Tecnico Ejecutivo,TECNICO,Mexico,N
TUB,TB,TUI Airlines Belgium,BEAUTY,Belgium,N
TUM,"",Tyumenspecavia,TUMTEL,Russia,N
TVF,TO,Transavia France,FRENCH SUN,France,Y
TVI,"",Tiramavia,TIRAMAVIA,Moldova,N
UHS,"",Ulyanovsk Higher Civil Aviation School,PILOT AIR,Russia,N
ULS,"",Carroll Air Service,ULSTER,United States,N
ULT,"",Ultrair,ULTRAIR,United States,N
UMK,"",Yuzhmashavia,YUZMASH,Ukraine,Y
UZB,HY,Uzbekistan Airways,UZBEK,Uzbekistan,Y
VA3,3V,3 Valleys Airlines,3 Valleys,France,N
VAD,"",Aero Taxi Los Valles,VALLES,Spain,N
VAX,ZV,V Air,"",Taiwan,Y
VAZ,"",Airlines 400,REMONT AIR,Russia,N
VCR,"",Cruiser Linhas Aereas,VOE CRUISER,Brazil,N
VCX,VC,Ocean Airlines,OCEANCARGO,Italy,N
VHT,"",Corporate Flight International,VEGAS HEAT,United States,N
VIH,"",Vichi,VICHI,Moldova,N
VKG,"",Mytravel Airways,VIKING,Denmark,N
VLX,"",Biz Jet Charter,AVOLAR,United States,N
VPV,"",VIP-Avia,VIP AVIA,Georgia,N
VRT,"",Averitt Air Charter,AVERITT,United States,N
VSP,VP,VASP,VASP,Brazil,Y
VSV,DV,Scat Air,VLASTA,Kazakhstan,Y
VTC,"",Vuelos Especializados Tollocan,VUELOS TOLLOCAN,Mexico,N
VTK,"",Vostok Airlines,VOSTOK,Russia,N
VVG,"",Aerovilla,AEROVILLA,Colombia,N
WAY,"",Airways,GARONNE,France,N
WDY,C8,Chicago Express,WINDY CITY,United States,N
WHE,"",Westland Helicopters,WESTLAND,United Kingdom,N
WLC,2W,Welcome Air,WELCOMEAIR,Austria,Y
WLS,"",Williams Air,WILLIAMS AIR,United States,N
WON,IW,Wings Air,WINGS ABADI,Indonesia,Y
WPA,"",Western Pacific Airservice,WESTPAC,Solomon Islands,N
WSG,"",Wasaya Airways,WASAYA,Canada,N
WST,"",Western Air,WESTERN BAHAMAS,Bahamas,N
WVA,"",Hand D Aviation,WABASH VALLEY,United States,N
WWS,"",Worldwide Aviation Services,"",Pakistan,N
XAF,"",Executive Air Fleet,"",United States,N
XAM,"",AMR Services Corporation,ALLIANCE,United States,N
XAV,"",Aviaprom Enterprises,AVIAPROM,Russia,N
XJT,"",Xjet Limited,XRAY,United Kingdom,N
YCP,CN,Canadian National Airways,CaNational,Canada,Y
ZAI,"",Zaire Aero Service,ZASAIR,Democratic Republic of Congo,N
ZAR,"",Zairean Airlines,ZAIREAN,Democratic Republic of Congo,N
000,00,AirOne Continental,Eastern,Slovakia,N
770,07,Samurai Airlines,Sam,Pakistan,N
AA1,"",Aerolineas Africanas,"",Guinea,Y
AAN,WD,Amsterdam Airlines,AMSTEL,Netherlands,Y
ACE,"",Race Cargo Airlines,Fastcargo,Ghana,N
ACL,9X,Itali Airlines,ITALI,Italy,N
ACR,"",Aerocenter, Escuela de Formacion de Pioltos Privados de Avion,AEROCENTER,N
ADO,HD,Hokkaido International Airlines,AIR DO,Japan,Y
AFP,"",Portuguese Air Force,PORTUGUESE AIR FORCE,Portugal,N
AGA,"",Aeronaves Del Centro,"",Venezuela,N
AGB,G8,Air Service Gabon,"",Gabon,N
AGP,"",AERFI Group,AIR TARA,Ireland,N
AHG,"",Aerochago Airlines,AEROCHAGO,Dominican Republic,N
AHP,"",Aerochiapas,AEROCHIAPAS,Mexico,N
AIG,"",Air Inter Gabon, ,Gabon,N
ALF,"",Allied Command Europe (Mobile Force),ACEFORCE,Belgium,N
ALN,"",Air Lincoln,CHICAGO LINCOLN,United States,N
ALS,NV,Naka Nihon Airlines Service,"",Japan,N
ALV,"",Alas de Venezuela,ALVEN,Venezuela,N
AMH,"",Alan Mann Helicopters Ltd.,MANN,United Kingdom,N
AMK,"",Amerer Air,AMER AIR,Austria,N
ANA,NH,All Nippon Airways,ALL NIPPON,Japan,Y
AOA,"",Alcon Servicios Aereos, S.A. de C.V.,ALCON,N
AOF,"",Atair Pty Ltd.,ATAIR,South Africa,N
APC,"",Airpac Airlines, Inc.,AIRPAC,N
APW,JW,Arrow Air,BIG A,United States,Y
AQU,"",AirQuarius Aviation,QUARIUS,South Africa,N
ARX,"",Air Xpress, Inc.,AIREX,N
ARY,"",Argosy Airways,GOSEY,United States,N
ASP,"",Airsprint,AIRSPRINT,Canada,N
AUZ,AO,Australian Airlines,AUSTRALIAN,Australia,N
AXH,"",Aeromexhaga,AEROMEXHAGA,Mexico,N
AZN,Z8,Amaszonas,"",Bolivia,Y
BAL,"",Britannia Airways,BRITANNIA,United Kingdom,N
BAU,"",Bissau Airlines,AIR BISSAU,Guinea-Bissau,N
BCB,"",Carib Express,WAVEBIRD,Barbados,N
BCH,"",Phillips Air,BEACHBALL,United States,N
BIB,"",Michelin Air Services,"",France,N
BLE,"",Blue Line,BLUE BERRY,France,N
BLL,"",Baltic Airlines,BALTIC AIRLINES,Russia,Y
BLS,JV,Bearskin Lake Air Service,BEARSKIN,Canada,Y
BMD,"",British Medical Charter,BRITISH MEDICAL,United Kingdom,N
BMM,8A,Atlas Blue,ATLAS BLUE,Morocco,Y
BNB,"",Aero Banobras,AEROBANOBRAS,Mexico,N
BNF,BN,Braniff International Airways,Braniff,United States,N
BNS,"",Bancstar - Valley National Corporation,BANCSTAR,United States,N
BNT,"",Bentiu Air Transport,BENTIU AIR,Sudan,N
BOE,"",Boeing,BOEING,United States,N
BPA,BV,Blue Panorama Airlines,BLUE PANOROMA,Italy,Y
BSD,"",Blue Star Airlines,AIRLINES STAR,Mexico,N
BSK,GL,Miami Air International,BISCAYNE,United States,N
BSN,"",Connectair Charters,BASTION,Canada,N
BSY,GQ,Big Sky Airlines,BIG SKY,United States,N
BTH,"",Baltijas Helicopters,BALTIJAS HELICOPTERS,Latvia,N
BTL,"",Baltia Air Lines,BALTIA FLIGHT,United States,N
BTM,"",Air Batumi,"",Georgia,Y
BTQ,4B,Boutique Air (Priv),"",United States,Y
BUR,"",Air Bucharest,"",Romania,Y
BWY,"",Fleet Requirements Air Direction Unit,BROADWAY,United Kingdom,N
BXA,"",Bahrain Executive Air Services,BEXAIR,Bahrain,N
CAS,"",Christman Air System,CHRISTMAN,United States,N
CAY,KX,Cayman Airways,CAYMAN,Cayman Islands,Y
CBC,"",Caribair,CARIBAIR,Dominican Republic,N
CBS,"",Air Columbus,AIR COLUMBUS,Ukraine,N
CCE,"",Cairo Air Transport Company,"",Egypt,N
CEM,"",Central Mongolia Airways,CENTRAL MONGOLIA,Mongolia,N
CER,"",Cetraca Aviation Service,CETRACA,Democratic Republic of the Congo,N
CFI,"",Flight Inspection Center of the General Administration of Civil Aviation in China,CHINA JET,China,N
CFM,"",ACEF,ACEF,Portugal,N
CFU,"",United Kingdom Civil Aviation Authority,MINAIR,United Kingdom,N
CGG,"",Walmart Aviation,CHARGE,United States,N
CGO,"",Chicago Air,WILD ONION,United States,N
CHE,"",Top Flight Air Service,CHECK AIR,United States,N
CHV,"",Air Charter Professionals,CHARTAIR,United States,N
CLD,"",Clowes Estates Limited,CLOWES,United Kingdom,N
CLH,CL,Lufthansa CityLine,HANSALINE,Germany,Y
CLJ,"",Cello Aviation,CELLOJET,United Kingdom,Y
CMK,"",Chernomor-Avia,CHERAVIA,Russia,N
CRJ,"",Air Cruzal,AIR CRUZAL,Angola,N
CSA,OK,Czech Airlines,CSA-LINES,Czech Republic,Y
CSP,"",Casper Air Service,CASPER AIR,United States,N
CTL,"",Central Airlines,CENTRAL COMMUTER,United States,N
CTO,"",Cape Air Transport,"",Australia,N
CTP,"",Tashkent Aircraft Production Corporation,CORTAS,Uzbekistan,N
CTW,"",Cargo Three,THIRD CARGO,Panama,N
CWM,CW,Air Marshall Islands,AIR MARSHALLS,Marshall Islands,Y
CWX,"",Crow Executive Air,CROW EXPRESS,United States,N
CXO,"",Conroe Aviation Services,CONROE AIR,United States,N
DBK,"",Dubrovnik Air,SEAGULL,Croatia,Y
DBR,"",Dutchbird,DUTCHBIRD,Netherlands,N
DCN,"",Federal Armed Forces,DIPLOMATIC CLEARANCE,Germany,N
DGT,"",Digital Equipment Corporation,DIGITAL,United States,N
DHM,"",Archer Aviation,ARCHER,United Kingdom,N
DLT,DW,Deutsche Luftverkehrsgesellschaft,"",Germany,N
DSA,"",Danbury Airways,DANBURY AIRWAYS,United States,N
DSM,4M,LAN Argentina,LAN AR,Argentina,Y
DUO,"",Duo Airways,FLY DUO,United Kingdom,N
EBF,"",MSR Flug-Charter,SKYRUNNER,Germany,N
EJC,"",Grupo De Aviacion Ejecutiva,GRUPOEJECUTIVA,Mexico,N
EJV,"",Compania Ejecutiva,EJECUTIVA,Mexico,N
ENR,"",Scenic Air,"",Namibia,N
EOM,"",Aero Ermes,AERO ERMES,Mexico,N
EPA,"",Shenzhen Donghai Airlines,DONGHAI AIR,China,N
EQT,"",Equatorial Airlines,"",Equatorial Guinea,N
ESL,P7,Russian Sky Airlines,RADUGA,Russia,N
ESN,"",Euro Sun,EURO SUN,Turkey,N
ESS,E0,Eos Airlines,NEW DAWN,United States,N
EWA,"",East-West Airlines,EASTWEST,Australia,N
EXP,"",Business Express Delivery,EXPRESS AIR,Canada,N
EXR,"",Expertos En Carga,EXPERTOS ENCARGA,Mexico,N
FCT,"",Fly CI Limited,DEALER,United Kingdom,N
FDD,"",Feeder Airlines,"",Sudan,Y
FIA,"",Four Island Air,ISLANDAIR,Antigua and Barbuda,N
FMC,"",Claessens International Limited,CLAESSENS,United Kingdom,N
FNF,"",Finnish Air Force,FINNFORCE,Finland,N
FNO,"",Aeroflota Del Noroeste,RIAZOR,Spain,N
FOI,"",Flight Ops International,"",United States,N
FPG,"",TAG Aviation,TAG AVIATION,Switzerland,N
FPY,"",African Company Airlines,AFRICOMPANY,Democratic Republic of the Congo,N
FRF,FF,Fly France,"",France,Y
FRN,"",Farnair Netherlands,FARNED,Netherlands,N
FTC,"",Air Affaires Tchad,AFFAIRES TCHAD,Chad,N
FVM,"",Flugfelag Vestmannaeyja,ELEGANT,Iceland,Y
FYJ,"",FLYJET,Fast Jet,Poland,Y
FYN,"",Comfort Air,FLYNN,Germany,N
GAA,"",Business Express,BIZEX,United States,N
GAD,"",South Coast Aviation,SOUTHCOAST,United Kingdom,N
GBS,"",Global Air Services Nigeria,GLOBAL SERVE,Nigeria,N
GEA,"",Guinea Ecuatorial Airlines,GEASA,Equatorial Guinea,N
GHI,"",GH Stansted Limited,"",United Kingdom,N
GLA,ZK,Great Lakes Airlines,LAKES AIR,United States,Y
GLS,"",Galaircervis,GALS,Ukraine,N
GOA,"",Alberta Government,ALBERTA,Canada,N
GPR,"",GPM Aeroservicio,GPM AEROSERVICIO,Mexico,N
GRA,"",Great American Airways,GREAT AMERICAN,United States,N
GRD,"",National Grid,GRID,United Kingdom,N
GRY,"",New York State Police,GRAY RIDER,United States,N
GTI,5Y,Atlas Air,GIANT,United States,Y
GYP,"",Eagle Aviation,GYPSY,United Kingdom,N
HAI,"",Century Aviation International,"",Canada,N
HAR,HB,Harbor Airlines,HARBOR,United States,N
HAX,"",Benair,SCOOP,Norway,N
HCL,"",Helenair Corporation,HELENCORP,Saint Lucia,N
HHI,4R,Hamburg International,HAMBURG JET,Germany,Y
HHO,"",Houston Helicopters,HOUSTON HELI,United States,N
HKI,"",Hawkaire,HAWKEYE,United States,N
HLC,"",Helicap,HELICAP,France,N
HMD,"",Charlie Hammonds Flying Service,HAMMOND,United States,N
HMY,HQ,Harmony Airways,HARMONY,Canada,N
HNT,"",Helicopteros Internacionales,HELICOP INTER,Mexico,N
HOL,"",Holiday Airlines,HOLIDAY,United States,N
HSE,"",Compania Helicopteros Del Sureste,HELISURESTE,Spain,N
HSV,"",Svenska Direktflyg,HIGHSWEDE,Sweden,N
HTG,"",Grossmann Air Service,GROSSMANN,Austria,N
IAJ,"",Islandair Jersey,JARLAND,United Kingdom,N
IAR,"",Iliamna Air Taxi,ILIAMNA AIR,United States,N
IBS,I2,Iberia Express,"",Spain,Y
ICR,"",Eagle Aero,ICARUS FLIGHTS,United States,N
IFL,"",IFL Group,EIFEL,United States,N
IGA,"",Skytaxi,IGUANA,Poland,N
IJS,"",Silvair,"",United States,N
INS,"",Inflite The Jet Centre,"",United Kingdom,N
IQQ,"",Caribbean Airways,CARIBJET,Barbados,N
IUS,"",Icarus,ICARUS,Italy,N
IWD,TY,Iberworld,"",Spain,Y
IZG,"",Zagros Airlines,ZAGROS,Iran,N
JAI,9W,Jet Airways,JET AIRWAYS,India,Y
JDP,"",JDP Lux,RED PELICAN,Luxembourg,N
JMR,"",Alexandair,ALEXANDAIR,Canada,N
JNY,"",Jenney Beechcraft,JENAIR,United States,N
JSP,"",Palmer Aviation,PALMER,United Kingdom,N
JTI,"",Cirrus Middle East,"",Lebanon,N
JXX,GX,Jetx Airlines,JETBIRD,Iceland,N
KAD,"",Air Kirovograd,AIR KIROVOGRAD,Ukraine,N
KAH,"",Kent Aviation,DEKAIR,Canada,N
KCU,"",Skyline Ulasim Ticaret A.S.,Kocoglu,Turkey,Y
KDA,"",Kendell Airlines,KENDELL,Australia,Y
KGD,"",Air Concorde,CONCORDE AIR,Bulgaria,N
KGZ,N5,Kyrgyz Airlines,BERMET,Kyrgyzstan,N
KIZ,"",Kanaf-Arkia Airlines,"",Israel,N
KLB,"",Air Mali International,TRANS MALI,Mali,N
KMV,8J,Komiinteravia,KOMIINTER,Russia,N
KST,"",PTL Luftfahrtunternehemen,KING STAR,Germany,N
KW1,"",Wataniya Airways,"",Kuwait,Y
LEC,"",Linex,LECA,Central African Republic,N
LEE,"",Leeming Flying Training Unit,JAVELIN,United Kingdom,N
LFO,"",Deutsches Zentrum fur Luft-und Raumfahrt EV,LUFO,Germany,N
LGU,"",Servicios Aereos Ejecutivos De La Laguna,LAGUNA,Mexico,N
LHN,EO,Express One International,LONGHORN,United States,Y
LME,"",Lignes Mauritaniennes Air Express,LIMAIR EXPRESS,Mauritania,N
LMP,"",Air Plus Argentina,AIR FLIGHT,Argentina,N
LNA,"",Lnair Air Services,ELNAIR,Spain,N
LOS,"",Lossiemouth Flying Training Unit,LOSSIE,United Kingdom,N
LSE,"",Linea De Aeroservicios,"",Chile,N
LTA,"",Trans Atlantis,LANTRA,Canada,N
LTY,LE,Liberty Airways,"",United States,Y
LVN,"",Aliven,ALIVEN,Italy,N
LVR,"",Aviavilsa,AVIAVILSA,Lithuania,N
LZA,"",Lanza Air,AEROLANZA,Spain,N
MAQ,"",Mac Aviation,MAC AVIATION,Spain,N
MBN,Q3,Zambian Airways,ZAMBIANA,Zambia,N
MCD,"",Air Medical,AIR MED,United Kingdom,N
MCS,"",Macedonian Airlines,MACAIR,Greece,N
MEX,"",Metro Express,EAGLE EXPRESS,United States,N
MGA,"",MG Aviacion,MAG AVACION,Spain,N
MGS,"",Aeromagar,AEROMAGAR,Mexico,N
MIA,"",Mauria,MAURIA,Mauritania,N
MIC,"",Mint Airways,"",Spain,Y
MIR,"",Miramichi Air Service,MIRAMICHI,Canada,N
MKG,P8,Air Mekong,Air Mekong,Vietnam,Y
MKL,"",McCall Aviation,MCCALL,United States,N
MKN,"",Mekong Airlines,MEKONG AIRLINES,Cambodia,N
MKO,"",Markoss Aviation,GOSHAWK,United Kingdom,N
MNC,"",MIT Airlines,MUNCIE,Canada,N
MNI,"",Aeromilenio,AEROMIL,Mexico,N
MOH,"",Tigerfly,MOTH,United Kingdom,N
MPA,"",Mid-Pacific Airlines,MID PAC,United States,N
MSM,"",Aeromas,AEROMAS EXPRESS,Uruguay,N
MSQ,"",Meta Linhas A,META,Brazil,N
MTP,"",Island Helicopters,METROCOPTER,United States,N
MVK,"",Helicopter Training & Hire,MAVRIK,United Kingdom,N
MVM,"",Air Cargo America,PEGASUS,United States,N
MXJ,MY,Maxjet Airways,MAX-JET,United States,N
NAZ,"",Servicios Aereos del Nazas SA de CV,NAZAS,Mexico,N
NBR,"",Haughey Air,NORBROOK,United Kingdom,N
NLK,"",Elbrus-Avia Air Enterprise,ELAVIA,Russia,N
NMB,SW,Air Namibia,NAMIBIA,Namibia,Y
NOK,DD,Nok Air,NOK AIR,Thailand,Y
NON,"",Servicios Aereos Latinoamericanos,SERVICIOS LATINO,Mexico,N
NOW,"",Royal Norwegian Air Force,NORWEGIAN,Norway,N
NRW,"",Polizeifliegerstaffel Nordrhein-Westfalen,HUMMEL,Germany,N
NSO,"",Aerolineas Sosa,SOSA,Honduras,N
NSR,"",National Air Charter,NASAIR,Indonesia,N
NTC,"",Gibson Aviation,NIGHT CHASE,United States,N
OAE,OY,Omni Air International,OMNI-EXPRESS,United States,Y
OAN,"",Orbit Atlantic Airways,"",United States,Y
OAO,"",Arkhangelsk 2 Aviation Division,DVINA,Russia,N
OAP,"",COAPA AIR,COAPA,Mexico,N
OMS,N3,Omskavia Airline,OMSK,Russia,N
ONT,"",Air Ontario,ONTARIO,Canada,N
OPS,"",Jet-Ops,OPS-JET,United Arab Emirates,N
OVC,"",Aerovic,"",Ecuador,N
OZW,"",Skywest Airlines,OZWEST,Australia,Y
PAX,"",Pan Air,PANNEX,United States,N
PBY,"",Pearl Air Services,PEARL SERVICES,Uganda,N
PCW,"",Trans-Pacific Orient Airways,PACIFIC ORIENT,Philippines,N
PDA,"",Podilia-Avia,PODILIA,Ukraine,N
PDG,"",PLM Dollar Group,OSPREY,United Kingdom,N
PGL,"",Premiair Aviation Services,PREMIERE,United Kingdom,N
PHA,"",Phoenix Air Group,GRAY BIRD,United States,N
PHJ,"",Pim Air,Pim Air,Netherlands,N
PIM,"",Pinframat,PINFRAMAT,Angola,N
PME,"",Premiair Fliyng Club,ADUR,United Kingdom,N
PMV,"",Polizeihubschrauberstaffel Mecklenburg-Vorpommern,POLICE MERLIN,Germany,N
PNA,"",Universal Airlines,PACIFIC NORTHERN,United States,N
PNC,"",Pan-Air,PANAIRSA,Mexico,N
PND,"",Pond Air Express,POND AIR,United States,N
PNR,PV,PAN Air,SKYJET,Spain,Y
POA,"",Portuguese Army,PORTUGUESE ARMY,Portugal,N
POE,PD,Porter Airlines,PORTER AIR,Canada,Y
PRM,"",Prime Air,PRIME AIR,United States,N
PRP,"",PRT Aviation,PRONTO,Spain,N
PWF,8W,Private Wings Flugcharter,PRIVATE WINGS,Germany,N
QAJ,"",Quick Air Jet Charter,DAGOBERT,Germany,N
QGA,"",Windrose Air,QUADRIGA,Germany,N
QUE,"",Quebec Government Air Service,QUEBEC,Canada,N
RAF,"",Farnas Aviation Services,FARNAS,Sudan,N
RAH,"",Regent Air,REGENT,Canada,N
RAK,"",Riga Airclub,SPORT CLUB,Latvia,N
RAV,"",Reed Aviation,REED AVIATION,United Kingdom,N
RBX,"",Arubaexel,ARUBA,Aruba,N
RCH,MC,Air Mobility Command,REACH,United States,N
RGM,"",Rangemile Limited,RANGEMILE,United Kingdom,N
RGS,"",Renown Aviation,RENOWN,United States,N
RHD,"",Bond Air Services,RED HEAD,United Kingdom,N
RIF,"",Aviation Ministry of the Interior of the Russian Federation,INTERMIN AVIA,Russian Federation,N
RIM,"",Rimrock Airlines,RIMROCK,United States,N
RJZ,"",Royal Jordanian Air Force,JORDAN AIR FORCE,Jordan,N
RNG,"",Ornage Aircraft Leasing,ORANGE,Netherlands,N
RNV,U8,Armavia,ARMAVIA,Armenia,Y
RON,ON,Nauru Air Corporation,AIR NAURU,Nauru,Y
RSO,E4,Aero Asia International,AERO ASIA,Pakistan,N
RTL,"",Rheintalflug,Rheintal,Austria,N
RTN,"",Raytheon Aircraft Company,RAYTHEON,United States,N
RTO,"",Arhabaev Tourism Airlines,ARTOAIR,Kazakhstan,N
RTR,"",Rotatur,ROTATUR,Brazil,N
RTU,"",Aerotucan,AEROTUCAN,Mexico,N
RUR,"",Rusaero,"",Russia,N
RVN,"",Raven Air,RAVEN U-S,United States,N
SAK,"",Red Arrows Display Squadron,RED ARROWS,United Kingdom,N
SAO,"",Sahel Aviation Service,SAVSER,Mali,N
SAX,"",Sabah Air,SABAH AIR,Malaysia,N
SCL,"",Switfair Cargo,SWIFTAIR,Canada,N
SGS,"",Saskatchewan Government Executive Air Service,SASKATCHEWAN,Canada,N
SGV,"",Aerosegovia,SEGOVIA,Nicaragua,N
SIE,"",Sierra Express,SEREX,United States,N
SJJ,"",Spirit Aviation,SPIRIT JET,United States,N
SJT,"",Swiss Jet,SWISS JET,Switzerland,N
SKA,"",Rio Air Express,RIO EXPRESS,Brazil,N
SKM,"",Fayetteville Flying Service and Scheduled Skyways System,SKYTEM,United States,N
SKV,RS,Sky Regional,Sky Regional,Canada,Y
SKZ,"",Skyway Enterprises,SKYWAY-INC,United States,N
SLF,"",Starfly,ELISTARFLY,Italy,N
SLK,MI,SilkAir,SILKAIR,Singapore,Y
SMA,"",SMA Airlines,SESAME,Nigeria,N
SNB,NB,Sterling Airlines,STERLING,Denmark,Y
SNH,"",Senair Services,SENSERVICE,Senegal,N
SNM,"",Servizi Aerei,SERVIZI AEREI,Italy,N
SNV,"",Sudanese States Aviation,SUDANESE,Sudan,N
SOL,IE,Solomon Airlines,SOLOMON,Solomon Islands,Y
SON,"",Sunshine Air Tours,SUNSHINE TOURS,United States,N
SPV,"",Servicios Privados De Aviacion,SERVICIOS PRIVADOS,Mexico,N
SRZ,"",Strato Air Services,STRATO,South Africa,N
SSD,"",Star Service International,STAR SERVICE,France,N
SSV,5G,Skyservice Airlines,SKYTOUR,Canada,Y
STD,"",Servicios De Aerotransportacion De Aguascalientes,AERO AGUASCALINETES,Mexico,N
STH,"",South-Airlines,"",Armenia,N
SUF,PI,Sun Air (Fiji),SUNFLOWER,Fiji,N
SVA,SV,Saudi Arabian Airlines,SAUDIA,Saudi Arabia,Y
SVS,"",Servicios Aereos Saar,AEREOS SAAR,Mexico,N
SWY,"",Sky Jet,SWISSLINK,Switzerland,N
SXR,XW,Sky Express,SKYSTORM,Russia,Y
SYR,RB,Syrian Arab Airlines,SYRIANAIR,Syrian Arab Republic,Y
SYS,"",Shawbury Flying Training Unit,SHAWBURY,United Kingdom,N
T&O,&T,Tom\\'s & co airliners,T&,France,Y
TAC,"",Turbot Air Cargo,TURBOT,Senegal,N
TBG,M7,Tropical Airways,"",Haiti,N
TCI,JY,Air Turks and Caicos,KERRMONT,Turks and Caicos Islands,N
TCL,"",Coastal Air Transport,TRANS COASTAL,United States,N
TCM,"",Teledyne Continental Motors,TELEDYNE,United States,N
TDB,"",Welch Aviation,THUNDER BAY,United States,N
TDE,"",Tellavia / Flight One,TELLURIDE,United States,N
TEL,"",Telford Aviation,TELFORD,United States,N
TEN,"",Tennessee Airways,TENNESSEE,United States,N
THJ,"",Thai Jet Intergroup,THAI JET,Thailand,N
THS,TH,TransBrasil Airlines,"",Brazil,Y
TLB,"",Atlantique Air Assistance,TRIPLE-A,France,N
TLL,"",Trans Atlantic Airlines,ATLANTIC LEONE,Sierra Leone,N
TML,"",TAM,TAM AIRLINE,Madagascar,N
TPF,"",Taxis Aereos del Pacifico,TAXIPACIFICO,Mexico,N
TPO,"",Aero Taxi del Potosi,TAXI-POTOSI,Mexico,N
TPY,"",Trans-Provincial Airlines,TRANS PROVINCIAL,Canada,N
TTC,"",Transteco,TRANSTECO,Angola,N
TZT,"",Air Zambezi,ZAMBEZI,Zimbabwe,N
UBG,"",US-Bangla Airlines,"",Bangladesh,Y
UCR,DW,Aero-Charter Ukraine,CHARTER UKRAINE,Ukraine,N
UFS,"",UFS,FEEDER EXPRESS,United States,N
UHL,"",Ukrainian Helicopters,UKRAINE COPTERS,Ukraine,N
UKP,"",United Kingdom Home Office,POLICE,United Kingdom,N
UNY,"",Lund University School of Aviation,UNIVERSITY,Sweden,N
UPA,GS,Air Foyle,FOYLE,United Kingdom,Y
URV,"",Uraiavia,URAI,Russia,N
UVS,"",Air Universal,UNI-LEONE,Sierra Leone,N
VCA,"",VICA - Viacao Charter Aereos,VICA,Brazil,N
VIF,"",VIF Luftahrt,VIENNA FLIGHT,Austria,N
VIG,"",Vega Aviation,VEGA AVIATION,Sudan,N
VLR,"",Aerolineas Villaverde,VILLAVERDE,Mexico,N
VLT,"",Vertical-T Air Company,VERTICAL,Russia,N
VME,"",Aviacion Comercial de America,AVIAMERICA,Mexico,N
VNK,"",Vipport Joint Stock Company,"",Russia,N
VOE,V7,VOLOTEA Airways,"",Spain,Y
VOI,Y4,Volaris,VOLARIS,Mexico,Y
VTI,UK,Air Vistara,"",India,Y
VUE,"",AD Aviation,FLIGHTVUE,United Kingdom,Y
VZR,"",Aviazur,IAZUR,France,N
WBR,"",Multi-Aero,WEBER,United States,N
WCA,"",West Coast Airways,WEST-LEONE,Sierra Leone,N
WEC,"",Universal Airlines,AIRGO,United States,N
WER,W4,AeroWorld ,sovet,Russia,Y
WGC,WG,Worldways,"",Canada,N
WIA,"",Windward Islands Airways International,WINDWARD,Netherland,N
WLA,"",Airwaves Airlink,AIRLIMITED,Zambia,N
WLT,"",Aviation Partners,WINGLET,United States,N
WYT,"",2 Sqn No 1 Elementary Flying Training School,"",United Kingdom,N
XAC,"",Air Charter World,"",United States,N
XDT,"",Date Transformation Corp,"",United States,N
XEC,"",Air Executive Charter,"",Germany,N
XLL,"",Air Excel,TINGA-TINGA,Tanzania,N
XPT,XP,XPTO,XPTO,Portugal,Y
XTA,"",Servicios Aereos Textra,TEXTRA,Mexico,N
XXV,"",AASANA,"",Bolivia,N
XYZ,"",Island Air Express,RAINBIRD,United States,N
YBE,"",Stewart Aviation Services,YELLOW BIRD,United States,N
YFS,"",Young Flying Service,YOUNG AIR,United States,N
0MM,0M,All America MX,"",Mexico,Y
===,GM,Flitestar,"",South Africa,N
AAK,"",Alaska Island Air,ALASKA ISLAND,United States,N
AAP,"",Aerovista Airlines,AEROVISTA GROUP,United Arab Emirates,N
ADH,AP,Air One,HERON,Italy,Y
ADU,"",Airdeal Oy,AIRDEAL,Finland,N
AGE,"",Servicios Aereos de Los Angeles,AEROANGEL,Mexico,N
AGO,"",Angola Air Charter,ANGOLA CHARTER,Angola,N
AHT,"",HTA Helicopteros,HELIAPRA,Portugal,N
AIF,"",Compania Aerea de Valencia,"",Spain,N
AIM,"",Trabajos Aereos Murcianos,PIJO,Spain,N
AKF,"",Anikay Air Company,ANIKAY,Kyrgyzstan,N
AKI,"",Ibk-Petra, ,Sudan,N
ALD,"",Albion Aviation,ALBION,United Kingdom,N
ALG,"",Air Logistics,AIRLOG,United States,N
ALW,"",Alas Nacionales, S.A.,ALNACIONAL,N
AMI,"",Air Maldives,AIR MALDIVES,Maldives,N
AMU,NX,Air Macau,AIR MACAO,Macao,Y
ANK,EL,Air Nippon,ANK AIR,Japan,Y
APE,"",Parcel Express,AIR PARCEL,United States,N
APJ,"",Air Print, S.A.,AIR PRINT,N
APO,"",Aeropro,AEROPRO,Canada,N
AQZ,"",Aerodyne Charter Company,QUANZA,United States,N
ARP,"",RPA-Aviataxi Ltd.,"",Russia,N
ASU,"",Compania Boliviana de Transporte Aereo Privado Aerosur, S.A.,ASUR,N
ASX,"",Air Special,AIRSPEC,Czech Republic,N
ASY,"",Royal Australian Air Force,AUSSIE,Australia,N
ATI,HC,Aero-Tropics Air Services,"",Australia,N
ATL,"",Aerocentral,CENTRALMEX,Mexico,N
ATU,"",Atlant Aerobatics Ltd.,ATLANT HUNGARY,Hungary,N
AVM,"",Aviacion Ejecutiva Mexicana, S.A.,AVEMEX,N
AVQ,"",Aviation Services, Inc.,AQUILINE,N
AXZ,JY,Aereonautica militare,"",Italy,Y
AYD,"",Aladia Airlines,AIRLINES ALADIA,Mexico,N
AZL,"",Africa One,SKY AFRICA,Zambia,N
AZY,"",Arizona Airways, Inc.,ARIZAIR,N
BBG,"",Bluebird Airways (BZ),"",Greece,Y
BCL,"",British Caribbean Airways,"",United Kingdom,N
BCS,QY,European Air Transport,EUROTRANS,Belgium,N
BET,"",BETA - Brazilian Express Transportes Aereos,BETA CARGO,Brazil,N
BGY,"",Bingo Airways,"",Poland,Y
BIL,"",Billund Air Center,BILAIR,Denmark,N
BKL,"",Aircompany Barcol,BARCOL,Russia,N
BKP,PG,Bangkok Airways,BANGKOK AIR,Thailand,Y
BLG,"",Belgavia,BELGAVIA,Belgium,N
BLT,"",Baltic Aviation,BALTAIR,United States,N
BNC,"",Sundance Air,BARNACLE AIR,United States,N
BQB,BQ,Buquebus Líneas Aéreas,"",Uruguay,Y
BRE,"",Breeze Ltd,AVIABREEZE,Ukraine,N
BRZ,E5,Samara Airlines,BERYOZA,Russia,N
BSX,5B,Bassaka airlines,5B,Cambodia,Y
BTC,V9,BAL Bashkirian Airlines,BASHKIRIAN,Russia,N
BUL,"",Blue Airlines,BLUE AIRLINES,Democratic Republic of the Congo,N
BYT,"",Patriot Aviation Limited,BYTE,United Kingdom,N
BZZ,"",Butane Buzzard Aviation Corporation,BUZZARD,United Kingdom,N
CAA,"",Atlantic Southeast Airlines,Chandler,United States,N
CAB,"",Chesapeake Air Service,CHESAPEAKE AIR,United States,N
CAC,"",Conquest Airlines,CONQUEST AIR,United States,N
CAN,"",Crest Aviation,CREST,United Kingdom,Y
CAP,C2,CanXplorer,"",Canada,Y
CAQ,"",Cityair (Chester) Limited,AIR CHESTER,United Kingdom,N
CEA,3C,RegionsAir,CORP-X,United States,N
CEV,"",Cente D'Essais En Vol,CENTEV,France,N
CHJ,"",Aircompany Chaika,AIR CHAIKA,Ukraine,N
CHZ,"",Cherline,CHERL,Russia,N
CJA,C6,CanJet,CANJET,Canada,N
CLB,"",Flight Precision Limited,CALIBRATOR,United Kingdom,N
CMA,"",Central European Airlines,EUROCENTRAL,Czech Republic,N
COM,OH,Comair,COMAIR,United States,Y
CRA,"",Coronado Aerolineas,CORAL,Colombia,N
CRT,"",Caribintair,CARIBINTAIR,Haiti,N
CWH,"",Canadian Warplane Heritage Museum,WARPLANE HERITAGE,Canada,N
CWN,"",Cardiff Wales Flying Club,CAMBRIAN,United Kingdom,N
CWY,"",Woodgate Executive Air Charter,CAUSEWAY,United Kingdom,N
DAR,"",Danish Army,DANISH ARMY,Denmark,N
DAS,"",Damascene Airways,AIRDAM,Syrian Arab Republic,N
DCC,"",Caribbean Air Cargo,CARICARGO,Barbados,N
DKH,HO,Juneyao Airlines,JUNEYAO AIRLINES,China,Y
DNA,"",Aerodespachos De El Salvador,AERODESPACHOS,El Salvador,N
DOA,DO,Dominicana de Aviaci,DOMINICANA,Dominican Republic,Y
DOD,"",USAF Air Mobility Operations Control Center,"",United States,N
DRO,"",Aeronaves Del Noreste,AERONORESTE,Mexico,N
DSC,"",Addis Air Cargo Services,ADDIS CARGO,Ethiopia,N
DYA,"",Dynamic Airways,"",United States,Y
EDA,"",Aerolineas Nacionales Del Ecuador,ANDES,Ecuador,N
EEU,GJ,Eurofly Service,EUROFLY,Italy,Y
EGH,"",BBN-Airways,BBN,United Kingdom,Y
EGJ,"",Eagle Jet Charter,EAGLE JET,United States,N
EGO,"",Gauteng Air Cargo,GAUTENG,South Africa,N
EGX,"",Eagle Air Company,THAI EAGLE,Thailand,N
ELO,K2,Eurolot,EUROLOT,Poland,Y
ELR,"",Elrom Aviation and Investments,"",Israel,N
ERF,"",Erfoto,ERFOTO,Portugal,N
EWW,"",Emery Worldwide Airlines,EMERY,United States,N
EXH,"",G5 Executive,BATMAN,Germany,N
EXY,"",South African Express,EXPRESSWAYS,South Africa,N
FAH,"",Farnair Hungary,BLUE STRIP,Hungary,N
FAL,"",Friendship Air Alaska,FRIENDSHIP,United States,N
FEO,"",Aeroferinco,FERINCO,Mexico,N
FFR,8F,Fischer Air,FISCHER,Czech Republic,N
FGY,"",Froggy Corporate Aviation,"",Australia,N
FIR,"",First Line Air,FIRSTLINE AIR,Sierra Leone,N
FSX,"",Flagship Express Services,FLAG,United States,N
FUJ,"",Fujairah Aviation Centre,FUJAIRAH,United Arab Emirates,N
GAB,"",Gendall Air,GENDALL,Canada,N
GBA,GF,Gulf Air Bahrain,GULF BAHRAIN,Bahrain,Y
GBB,"",Global Aviation Operations,GLOBE,South Africa,N
GCS,"",GCS Air Service,GALION,United States,N
GFA,"",Gulf Air,GULF AIR,Oman,Y
GFY,XX,Greenfly,"",Spain,Y
GHB,G0,Ghana International Airlines,GHANA AIRLINES,Ghana,Y
GHL,"",Aviance,HANDLING,United Kingdom,N
GIC,"",Compagnie de Bauxites de Guinee,CEBEGE,Guinea,N
GIY,"",Probiz Guinee,PROBIZ,Guinea,N
GJS,G7,GoJet Airlines,GATEWAY,United States,Y
GMS,"",Aeroservicios Gama,SERVICIOS GAMA,Mexico,N
GPA,"",Golden Pacific Airlines,GOLDEN PAC,United States,N
GRG,DA,Air Georgia,AIR GEORGIA,Georgia,N
GRO,LL,Allegro,ALLEGRO,Mexico,N
GTC,"",Altin Havayolu Tasimaciligi Turizm Ve Ticaret,GOLDEN WINGS,Turkey,N
GTP,"",Aerotaxi Grupo Tampico,GRUPOTAMPICO,Mexico,N
GUF,"",Gulf African Airlines - Gambia,GULF AFRICAN,"",N
GUN,GS,Grant Aviation,HOOT,United States,N
GWI,4U,Germanwings,GERMAN WINGS,Germany,Y
HAA,"",Helicopteros Agroforestal,AGROFORESTAL,Chile,N
HAF,"",Hellenic Air Force,HELLENIC AIR FORCE,Greece,N
HCB,"",Helenair (Barbados),HELEN,Barbados,N
HEC,"",Heliservicio Campeche,HELICAMPECHE,Mexico,N
HEY,1H,Hellenic Airways,Hellenic,Greece,N
HLO,"",Samaritan Air Service,HALO,Canada,N
HSY,"",Sky Helicopteros,HELISKY,Spain,N
IAE,"",AC Insat-Aero,"",Russia,N
IAX,"",International Air Services,INTERAIR SERVICES,Liberia,N
IBE,IB,Iberia Airlines,IBERIA,Spain,Y
INC,"",Insel Air International,INSELAIR,Netherlands Antilles,N
IPN,"",Industri Pesawat Terbang Nusantara,NUSANTARA,Indonesia,N
ISD,"",ISD Avia,ISDAVIA,Ukraine,N
ISN,"",Interisland Airlines,TRI-BIRD,Philippines,N
JAC,"",Japan Air Commuter,COMMUTER,Japan,N
JEL,"",Tal Air Charters,JETEL,Canada,N
JEM,"",Emerald Airways,GEMSTONE,United Kingdom,N
JMB,"",Jambo Africa Airlines,JAMBOAFRICA,Democratic Republic of Congo,N
JMM,"",Joint Military Commission,JOICOMAR,Sudan,N
KAA,"",Asia Aero Survey and Consulting Engineers,AASCO,Republic of Korea,N
KAI,"",Kaiser Air,KAISER,United States,N
KEK,"",Arkhabay,ARKHABAY,Kazakhstan,N
KFS,"",Kalitta Charters,KALITTA,United States,N
KGB,"",Kyrgz General Aviation,KEMIN,Kyrgyzstan,N
KLR,"",Columbus Air Transport,KAY-LER,United States,N
KMR,"",Western Pacific Airlines,KOMSTAR,United States,N
KND,"",Kan Air,Kan Air,Thailand,Y
KPA,VD,Kunpeng Airlines,KUNPENG,China,N
KRB,"",Karibu Airways Company,KARIBU AIR,Tanzania,N
KZE,"",Euro-Asia Air International,KAZEUR,Kazakhstan,N
LAM,LM,Linhas A,MOZAMBIQUE,Mozambique,Y
LAQ,LQ,Lebanese Air Transport,LAT,Lebanon,N
LCR,"",Libyan Arab Air Cargo,LIBAC,Libya,N
LEU,"",Lions-Air,LIONSAIR,Switzerland,N
LFI,"",National Airways Corporation,AEROMED,South Africa,N
LGD,"",Legend Airlines,LEGENDARY,United States,N
LKD,"",Lignes Aeriennes Du Tchad,LATCHAD,Chad,N
LMK,"",Grantex Aviation,LANDMARK,United Kingdom,N
LNT,"",Aerolineas Internacionales,LINEAINT,Mexico,N
LOG,"",Logan Air,LOGAN,United Kingdom,N
LOR,"",Leo-Air,LEO CHARTER,South Africa,N
LRS,"",SANSA,"",Costa Rica,N
LSS,"",Lone Star Airlines,LONE STAR,United States,N
LSU,"",Laus,LAUS AIR,Croatia,N
LYF,"",Lithuanian Air Force,LITHUANIAN AIRFORCE,Lithuania,N
MAF,"",Mission Aviation Fellowship,MISSI,Indonesia,N
MCT,"",Transportacion Aerea Del Mar De Cortes,TRANS CORTES,Mexico,N
MDN,"",Mudan Airlines,"",Somali Republic,N
MDT,"",Sundt Air,MIDNIGHT,Norway,N
MJR,"",Midamerica Jet,MAJOR,United States,N
MLS,"",Mall Airways,MALL-AIRWAYS,United States,N
MLX,"",Malawi Express,MALAWI EXPRESS,Malawi,N
MNR,"",Mann Air,TEEMOL,United Kingdom,N
MOV,NN,VIM Airlines,MOV AIR,Russia,Y
MPX,QO,Aeromexpress,AEROMEXPRESS,Mexico,N
MRF,"",Mauritanienne Air Fret,MAUR-FRET,Mauritania,N
MSV,"",Aero-Kamov,AERAFKAM,Russia,N
MTK,"",Air Metack,AIRMETACK,Angola,N
MTW,"",Mauritania Airways,MAURITANIA AIRWAYS,Mauritania,Y
MVR,"",Maverick Airways,MAV-AIR,United States,N
MWT,"",Midwest Aviation Division,MIDWEST,United States,N
MXP,"",May Air Xpress,BEECHNUT,United States,N
MYD,MW,Maya Island Air,MYLAND,Belize,Y
NAA,"",National Oceanic and Atmospheric Administration,NOAA,United States,N
NAB,"",Mina Airline Company,"",Egypt,N
NCN,N4,National Airlines,"",Chile,N
NCS,"",Simpson Air Ltd,COMMUTER-CANADA,Canada,N
NET,"",Network Aviation Services,NETWORK,Nigeria,N
NGF,"",Angel Flight America,ANGEL FLIGHT,United States,N
NGP,"",Air Nigeria,REGAL EAGLE,Nigeria,N
NHT,"",New Heights 291,NEWHEIGHTS,South Africa,N
NLG,"",NEL Cargo,NELCARGO,Ivory Coast,N
NMD,"",Nomad Aviation,NOMAD AIR,Namibia,N
NOC,"",Norcopter,"",Norway,N
NOY,"",Noy Aviation,NOY AVIATION,Israel,N
NPT,"",Atlantic Airlines,NEPTUNE,United Kingdom,N
NRE,"",Aviones Are,AVIONES ARE,Mexico,N
NTK,"",Natioanl Air Traffic Controllers Association,NATCA,United States,N
NTS,"",Cirrus Air,NITE STAR,United States,N
NVC,"",NAV CANADA,NAV CAN,Canada,N
NVI,"",Avial NV Aviation Company,NEW AVIAL,Russia,N
NYH,"",New York Helicopter,NEW YORK,United States,N
OBK,"",Amako Airlines,AMAKO AIR,Nigeria,N
OEC,"",Christophorus Flugrettungsverein,CHRISTOPHORUS,Austria,N
OIX,"",Orion-x,ORIONIX,Russia,N
OML,"",Organizacoes Mambra,MAMBRA,Angola,N
ONM,"",Presidencia de La Republica de Guinea Ecuatorial,"",Equatorial Guinea,N
ORF,"",Oman Royal Flight,OMAN,Oman,N
ORO,"",C N Air,CAPRI,Spain,N
OTA,"",Organizacion De Transportes Aereos,ORGANIZACION,Mexico,N
PDI,"",Paradise Island Airways,PARADISE ISLAND,United States,N
PGS,"",Tauranga Aer Club,"",New Zealand,N
PGX,"",Paragon Air Express,PARAGON EXPRESS,United States,N
PQW,WQ,PanAm World Airways,"",United States,Y
PRI,"",Aerotransportes Privados,AEROPRIV,Mexico,N
PRN,"",Pirinair Express,PRINAIR EXPRESS,Spain,N
PRR,"",Paramount Airlines,PARAMOUNT,Sierra Leone,N
PRY,"",Priority Air Charter,PRIORITY AIR,United States,N
PSD,TO,President Airlines,"",Cambodia,N
PSX,PS,Pacific Southwest Airlines,SMILEY,United States,N
PTV,"",Puntavia Air Services,PUNTAVIA,Djibouti,N
PVK,"",Association of Private Pilots of Kazakhstan,BORIS,Kazakhstan,N
RAD,"",Alada,AIR ALADA,Angola,N
RDK,"",Irish Air Transport,IRISH TRANS,Ireland,N
RDL,"",Roadair Lines,ROADAIR,Canada,N
RJM,"",Millen Corporation,MILLEN,United Kingdom,N
RNS,"",Ronso,RONSO,Mexico,N
ROT,RO,Tarom,TAROM,Romania,Y
RPX,"",BAC Express Airlines,RAPEX,United Kingdom,N
RRC,"",Aero Roca,AEROROCA,Mexico,N
RSC,"",Aerolineas Ejecutivas Tarascas,TARASCAS,Mexico,N
RSQ,"",International SOS WIndhoek,SKYMEDIC,Namibia,N
RUM,"",Air Rum,AIR RUM,Sierra Leone,N
RWB,"",Alliance Express Rwanda,"",Rwanda,N
RWW,ER,Fly Europa,"",Spain,Y
RXP,"",Royal Aviation Express,ROY EXPRESS,Canada,N
SBK,RB,Air Srpska,Air Srpska,Bosnia and Herzegovina,N
SBS,BB,Seaborne Airlines,SEABORNE,United States,Y
SCI,"",Servicios Aereos San Cristobal,SAN CRISTOBAL,Mexico,N
SDP,"",Aero Sudpacifico,SUDPACIFICO,Mexico,N
SDZ,"",Sudan Pezetel for Aviation,SUDANA,Sudan,N
SEV,"",Serair Transworld Press,CARGOPRESS,Spain,N
SFT,"",Skyfreight,SKYFREIGHT,United States,N
SFU,"",Solent Flight,SAINTS,United Kingdom,N
SGT,"",Skygate,SKYGATE,Netherlands,N
SHH,"",Airshare Holdings,AIRSHARE,United Kingdom,N
SIM,"",Star Air,"",Sierra Leone,N
SLZ,"",Super Luza,LUZA,Angola,N
SMR,"",Somon Air,SOMON AIR,Tajikistan,N
SMS,"",Linhas Aereas Santomenses,SANTOMENSES,S,N
SMY,ZS,Sama Airlines,NAJIM,Saudi Arabia,Y
SOO,"",Southern Air,SOUTHERN AIR,United States,N
SPJ,M3,Air Service,AIR SKOPJE,Macedonia,N
SPZ,"",Airworld,SPEED SERVICE,South Africa,N
SRO,"",Servicios Aereos Ejecutivos Saereo,SAEREO,Ecuador,N
SSU,"",SASCA,SASCA,Venezuela,N
STJ,"",Sella Aviation,STELLAVIA,Netherlands,N
STU,FS,Servicios de Transportes A,FUEGUINO,Argentina,Y
STX,"",Stars Away Aviation,STARSAWAY,South Africa,N
SVD,"",St. Vincent Grenadines Air (1990),GRENADINES,Saint Vincent and the Grenadines,N
SVJ,"",Silver Air,"",Djibouti,N
SWP,"",Star Work Sky,STAR WORK,Italy,N
SWR,LX,Swiss International Air Lines,SWISS,Switzerland,Y
SXP,"",Sky Express,EXPRESS SKY,Poland,N
SYA,"",Skyways,LINEAS CARDINAL,Argentina,N
SYV,"",Special Aviation Systems,SPECIAL SYSTEM,United States,N
TAE,EQ,TAME,TAME,Ecuador,Y
TAJ,"",Tunisavia,TUNISAVIA,Tunisia,N
TAP,TP,TAP Portugal,AIR PORTUGAL,Portugal,Y
TCW,FQ,Thomas Cook Airlines,THOMAS COOK,Belgium,Y
TDA,"",TDA Toa Domestic Airlines,Toa Domes,Japan,N
TEP,UE,Transeuropean Airlines,TRANSEURLINE,Russia,N
TFF,"",Talon Air,TALON FLIGHT,United States,N
TIB,8R,TRIP Linhas A,TRIP,Brazil,Y
TJK,"",Tajikair,TAJIKAIR,Tajikistan,N
TKC,"",Tikal Jets Airlines,TIKAL,Guatemala,N
TMY,"",Transportes Aereos del Mundo Maya,MUNDO MAYA,Mexico,N
TNI,"",Transair International Linhas Aereas,TRANSINTER,United States,N
TOB,7T,Tobruk Air,TOBRUK AIR,Libya,N
TOM,BY,Thomsonfly,TOMSON,United Kingdom,Y
TOT,"",Totavia,"",Canada,N
TRI,"",Executive Flight Operations Ontario Government,TRILLIUM,Canada,N
TRT,"",Trans Arabian Air Transport,TRANS ARABIAN,Sudan,N
TSI,"",Transport'air,TRANSPORTAIR,France,N
TSM,"",Trans Sayegh Airport Services,"",Lebanon,N
TTP,"",Triple O Aviation,MIGHTY WING,Nigeria,N
TUA,T5,Turkmenistan Airlines,TURKMENISTAN,Turkmenistan,Y
TUS,M3,ABSA - Aerolinhas Brasileiras,ABSA Cargo,Brazil,Y
TXZ,"",Tex Star Air Freight,TEX STAR,United States,N
TYS,YO,TransHolding System,"",Brazil,Y
UAF,"",United Arab Emirates Air Force,UNIFORCE,United Arab Emirates,N
UAR,"",Aerostar Airlines,AEROSTAR,Ukraine,N
UBA,UB,Myanma Airways,UNIONAIR,Myanmar,Y
UFA,"",State Flight Academy of Ukraine,FLIGHT ACADEMY,Ukraine,N
UKN,"",Ukraine Air Enterprise,ENTERPRISE UKRAINE,Ukraine,N
UKU,"",Second Sverdlovsk Air Enterprise,PYSHMA,Russia,N
UPS,5X,United Parcel Service,UPS,United States,N
URP,"",ARP 410 Airlines,AIR-ARP,Ukraine,N
VAB,"",Airtrans Ltd,"",Russia,N
VAI,"",Avalair,AIR AVALAIR,Serbia,N
VBC,"",AVB-2004 Ltd,AIR VICTOR,Bulgaria,N
VKH,VQ,Viking Hellas,DELPHI,Greece,Y
VSN,"",Vision Airways Corporation,VISION,Canada,N
VTV,"",Vointeh,VOINTEH,Bulgaria,N
VUL,"",Elios,ELIOS,Italy,N
WAE,"",Western Air Express,WESTERN EXPRESS,United States,N
WCB,"",West Africa Airlines,KILO YANKEE,Ghana,N
WCC,"",Sport Air Travel,WEST COAST,United States,N
WCR,"",West Caribbean Costa Rica,WEST CARIBBEAN,Costa Rica,N
WEN,WR,WestJet Encore,Encore,Canada,Y
WFD,"",BAE Systems,AVRO,United Kingdom,N
WHR,"",Hummingbird Helicopter Service,WHIRLEYBIRD,United States,N
WHY,"",Air Sorel,AIR SOREL,Canada,N
WIZ,"",Micromatter Technology Solutions,WIZARD,United Kingdom,N
WKH,"",Kharkov Aircraft Manufacturing Company,WEST-KHARKOV,Ukraine,N
WPR,"",Auckland Regional Rescue Helicopter Trust,WESTPAC RESCUE,New Zealand,N
WRA,"",White River Air Services,"",Canada,N
WTN,"",BAE Systems,TARNISH,United Kingdom,N
XAO,"",Airline Operations Services,"",United States,N
XLB,"",Aircraft Performance Group,"",United States,N
XTR,"",Sector Airlines,EXTER,Canada,N
YAK,"",Yakolev,YAK AVIA,Russia,N
ZTF,7M,Mongolian International Air Lines ,Mongol_AIr ,Mongolia,Y
1QA,M4,Marysya Airlines,MARSHAK AIR,Russia,Y
4AA,FA,Epic Holiday,Epic,United States,Y
9XX,9X,Regionalia Venezuela,"",Venezuela,Y
A1F,A1,Atifly,atifly,United States,Y
ABH,"",Hokuriki-Koukuu Company,"",Japan,N
ABX,GB,Airborne Express,ABEX,United States,N
ADR,JP,Adria Airways,ADRIA,Slovenia,Y
ADV,"",Advance Air Charters,ADVANCE,Canada,N
ADX,"",Anderson Aviation,ANDAX,United States,N
AEF,YP,Aero Lloyd (YP),"",Germany,N
AEL,PE,Air Europe,AIR EUROPE,Italy,Y
AES,"",ACES Colombia,ACES,Colombia,Y
AFD,"",Panorama Flight Service,AIRFED,United States,N
AGG,"",Algoma Airways,ALGOMA,Canada,N
AGW,"",Aero Gambia,AERO GAMBIA,Gambia,N
AGZ,"",Agrolet-Mci,AGROLET,Slovakia,N
AIH,"",Alpine Air Chile,ALPINE CHILE,Chile,N
AJA,"",A J Services,AYJAY SERVICES,United Kingdom,N
AKY,"",Yak-Service,YAK-SERVICE,Russia,N
ALO,"",Allegheny Commuter Airlines,ALLEGHENY,United States,Y
ANG,PX,Air Niugini,NUIGINI,Papua New Guinea,Y
ANV,"",Air Nevada,AIR NEVADA,United States,N
AQL,"",Aquila Air Ltd.,AQUILA,Canada,N
AQO,"",Aluminum Company Of America,ALCOA SHUTTLE,United States,N
ARJ,"",Aerojet de Costa Rica, S.A.,"",N
ASV,"",Astravia-Bissau Air Transports Ltd.,ASTRAVIA,Guinea-Bissau,N
ATC,TC,Air Tanzania,TANZANIA,Tanzania,Y
ATE,"",Atlantis Transportation Services, Ltd.,ATLANTIS CANADA,N
ATX,"",Warwickshire Aerocentre Ltd.,AIRTAX,United Kingdom,N
AWA,Y5,Asia Wings,"",Kazakhstan,Y
AWK,"",Airwork,AIRWORK,New Zealand,N
AWM,AW,Asian Wings Airways,Asian Star,Burma,Y
AXC,"",Indochina Airlines,Airspup,Vietnam,Y
AXM,AK,AirAsia,ASIAN EXPRESS,Malaysia,Y
AZA,AZ,Alitalia,ALITALIA,Italy,Y
BAH,"",The Amiri Flight,BAHRAIN,Bahrain,N
BAN,"",British Antarctic Survey,PENGUIN,United Kingdom,N
BAT,"",Premiair,BALLISTIC,Luxembourg,N
BAY,"",Bayon Airlines,BAYON,Cambodia,N
BBS,"",Beibars CJSC,BEIBARS,Kazakhstan,N
BBT,"",Air Bashkortostan,AGYDAL,Russia,N
BEK,"",Berkut Air,BERKUT,Kazakhstan,N
BEU,"",Bateleur Air,"",South Africa,Y
BFF,"",Air Baffin,AIR BAFFIN,Canada,N
BGT,"",Bergen Air Transport,BERGEN AIR,Norway,N
BHA,"",Buddha Air,BUDDHA AIR,Nepal,N
BNG,"",BN Group Limited,VECTIS,United Kingdom,N
BNW,"",British North West Airlines,BRITISH NORTH,United Kingdom,N
BON,JA,Air Bosna,AIR BOSNA,Bosnia and Herzegovina,Y
BRA,BU,Braathens,Braathens,Norway,N
BUN,"",Buryat Airlines Aircompany,BURAL,Russia,N
CDN,CP,Canadian Airlines,CANADIAN,Canada,Y
CEO,"",Comfort Express Virtual Charters,"",United States,Y
CFE,CJ,BA CityFlyer,FLYER,United Kingdom,Y
CGB,"",Air Cargo Belize,CARGO BELIZE,Belize,N
CGN,2Z,Changan Airlines,CHANGAN,China,N
CIV,"",Civil Aviation Authority of New Zealand,CIVAIR,New Zealand,N
CIX,G3,City Connexion Airlines,CONNEXION,Burundi,Y
CJC,9L,Colgan Air,COLGAN,United States,Y
CLZ,"",Cloud 9 Air Charters,CLOUDLINE,South Africa,N
CNK,"",Sunwest Home Aviation,CHINOOK,Canada,N
COH,"",Coltishall Flying Training Unit,COLT,United Kingdom,N
CPH,"",Champagne Airlines,CHAMPAGNE,France,N
CPT,"",Corporate Air,AIR SPUR,United States,N
CRL,SS,Corsairfly,CORSAIR,France,Y
CRN,"",Empresa Aerocaribbean,AEROCARIBBEAN,Cuba,N
CRY,"",Primavia Limited,CARRIERS,United Kingdom,N
CSK,"",Flightcraft,CASCADE,United States,N
CTG,"",Canadian Coast Guard,CANADIAN COAST GUARD,Canada,N
DAN,"",Dan-Air London,"",United Kingdom,N
DAV,"",Dornier Aviation Nigeria,DANA AIR,Nigeria,N
DAY,"",Daya Aviation,DAYA,Sri Lanka,N
DBD,"",Air Niagara Express,AIR NIAGARA,Canada,N
DCO,"",David Crawshaw Consultants Limited,"",United Kingdom,N
DER,"",Deer Jet,DEER JET,China,N
DIN,"",Aerodin,AERODIN,Mexico,N
DIX,"",Dix Aviation,DIX FLIGHT,Germany,N
DJT,"",Denver Jet,DENVER JET,United States,N
DOB,QD,Dobrolet,DOBROLET,Russia,Y
DOJ,"",Justice Prisoner and Alien Transportation System,JUSTICE,United States,N
DRM,"",Airways Flight Training,DARTMOOR,United Kingdom,N
DSY,DH,Dennis Sky,DSY,Israel,Y
DTR,DX,DAT Danish Air Transport,DANISH,Denmark,Y
EAS,"",Executive Aerospace,AEROSPACE,South Africa,N
EAT,"",Air Transport,TRANS EUROPE,Slovakia,N
EBC,"",Aero Ejecutivo De Baja California,CALIXJET,Mexico,N
ECN,"",Euro Continental AIE,EURO CONTINENTAL,Spain,N
ECT,"",East Coast Airways,EASTWAY,South Africa,N
EHM,EH,Euro Harmony,"",Portugal,N
EJS,"",Eurojet Servis,EEJAY SERVICE,Czech Republic,N
EKC,"",East Kansas City Aviation,BLUE GOOSE,United States,N
ENA,"",Direccion General de Aviacion Civil y Telecomunicasciones,ENA,Spain,N
ENS,"",Entergy Services,ENTERGY SHUTTLE,United States,N
ENW,"",Aeronaves Del Noroeste,AERONOR,Spain,N
ENY,"",Envoy Air,Envoy,United States,Y
EQL,KY,Air S,EQUATORIAL,Air S,N
ERV,"",Yerevan-Avia,YEREVAN-AVIA,Armenia,N
ES2,E1,Usa Sky Cargo,USKY,United States,Y
FAB,7F,First Air,"",Canada,Y
FAC,"",Atlantic Helicopters,FAROECOPTER,Denmark,N
FCS,"",Facts Air,MEXFACTS,Mexico,N
FDP,"",Flight Dispatch Services,"",Poland,N
FER,"",Feria Aviacion,FERIA,Spain,N
FIX,"",Airfix Aviation,AIRFIX,Finland,Y
FJI,FJ,Air Pacific,PACIFIC,Fiji,Y
FKI,"",FLM Aviation Mohrdieck,KIEL AIR,Germany,N
FLU,"",Flugschule Basel,YELLOW FLYER,Switzerland,N
FMS,"",Hadison Aviation,HADI,United States,N
GAK,"",Global Aviation and Services Group,AVIAGROUP,Libya,N
GDC,"",Grand China Air,GRAND CHINA,China,Y
GES,GP,Gestair,GESTAIR,Spain,N
GGL,"",Aeronautica,GIRA GLOBO,Angola,N
GHA,"",Ghana Airways,GHANA,Ghana,N
GHV,"",Ground Handling Service de Mexico,GROUND HANDLING,Mexico,N
GLT,"",Aero Charter,GASLIGHT,United States,N
GML,"",G & L Aviation,GEEANDEL,South Africa,N
GOI,"",Gofir,SWISS HAWK,Switzerland,N
GPC,"",Gulf Pearl Air Lines,AIR GULFPEARL,Libya,N
GRT,"",Gabon-Air-Transport,"",Gabon,N
GUL,"",Gull Air,GULL-AIR,United States,N
GVG,"",Flygaktiebolaget Gota Vingar,BLUECRAFT,Sweden,N
GVN,"",Gavina,GAVINA,Spain,N
GWL,IJ,Great Wall Airlines,GREAT WALL,China,N
GZP,4G,Gazpromavia,GAZPROMAVIA,Russia,Y
HAP,"",Helicopteros Aero Personal,HELIPERSONAL,Mexico,N
HBU,"",Universal Avia,KHARKIV UNIVERSAL,Ukraine,N
HCN,"",Halcyon Air/Bissau Airways,HALCYON,Guinea-Bissau,N
HEB,"",Heli Bernina,HELIBERNINA,Switzerland,N
HEI,"",Aerohein,AEROHEIN,Chile,N
HFR,8H,Heli France,HELIFRANCE,France,Y
HKR,"",Hawk Air,AIR HAW,Argentina,N
HKS,"",CHC Helikopter Service,HELIBUS,Norway,N
HLF,HF,Hapagfly,HAPAG LLOYD,Germany,Y
HPJ,"",Hop-A-Jet,HOPA-JET,United States,N
HPS,"",Horizon Plus,HORIZON PLUS,Bangladesh,N
HRT,"",Chartright Air,CHARTRIGHT,Canada,N
HTS,"",Helitrans Air Service,HELITRANS,United States,N
IAW,IA,Iraqi Airways,IRAQI,Iraq,Y
IBX,FW,Ibex Airlines,IBEX,Japan,Y
ICA,"",Icaro,ICARFLY,Italy,N
ICX,"",International Charter Xpress,INTEX,United States,N
IDP,"",Independent Air Freighters,INDEPENDENT,Australia,N
IGS,"",Isle Grande Flying School,ISLA GRANDE,United States,N
INP,"",Peruvian Navy,"",Peru,N
INV,"",Inversija,INVER,Latvia,N
INX,"",Inter Express,INTER-EURO,Turkey,N
IRC,EP,Iran Aseman Airlines,"",Iran,Y
IRT,"",Irtysh Airlines,IRTYSH AIRLINES,Uzbekistan,N
ITC,"",International Air Carrier Association,"",Belgium,N
IVS,"",Ivoire Aero Services,IVOIRE AERO,Ivory Coast,N
JDA,"",JDAviation,JAY DEE,United Kingdom,N
JFS,"",Juanda Flying School,JAEMCO,Indonesia,N
JFY,"",Foster Yeoman,YEOMAN,United Kingdom,N
JGO,SG,JetsGo,JETSGO,Canada,N
JOA,"",Air Swift Aviation,"",Australia,N
JPQ,"",Jett Paqueteria,JETT PAQUETERIA,Mexico,N
JPR,"",Aerosmith Aviation,JASPER,United States,N
JSA,3K,Jetstar Asia Airways,JETSTAR ASIA,Singapore,Y
JTC,"",Jet Trans Aviation,JETRANS,Ghana,N
JTG,"",Jettime,JETTIME,Denmark,N
JTU,"",Zhetysu,ZHETYSU,Kazakhstan,N
KHB,H8,Dalavia,DALAVIA,Russia,Y
KIA,KP,Kiwi International Air Lines,KIWI AIR,United States,N
KKA,"",Kazavia,KAKAIR,Kazakhstan,N
KLZ,"",Aerokaluz,AEROKALUZ,Mexico,N
KMC,"",Kahama Mining Corporation,KAHAMA,Tanzania,N
KNX,"",Knighthawk Air Express,KNIGHT FLIGHT,Canada,N
KOK,"",Horizon Air Service,KOKO,United States,N
KRN,"",Kaz Agros Avia,ANTOL,Kazakhstan,N
KTR,"",HT Helikoptertransport,COPTER TRANS,Sweden,N
KZK,9Y,Air Kazakhstan,Kazakh,Kazakhstan,Y
LAR,"",Lawrence Aviation,LAWRENCE,United States,N
LAW,"",Link Airways of Australia,"",Australia,N
LBR,"",Elbe Air Transport,MOTION,Germany,N
LBY,"",Belle Air,ALBAN-BELLE,Albania,N
LED,"",Blom Geomatics,SWEEPER,Norway,N
LEL,"",Leonsa De Aviacion,LEONAVIA,Spain,N
LFA,"",Air Alfa,"",Turkey,Y
LFC,"",Aero Control Air,LIFE FLIGHT CANADA,Canada,N
LHC,"",London Helicopter Centres,MUSTANG,United Kingdom,N
LKE,"",Lucky Air,LUCKY AIR,China,N
LKW,"",Top Sky International,TOPINTER,Indonesia,N
LLR,CD,Alliance Air,ALLIED,India,N
LMN,"",Lineas Aereas Monarca,LINEAS MONARCA,Mexico,N
LPA,"",Pal Aerolineas,LINEASPAL,Mexico,N
LPN,L7,Laoag International Airlines,LAOAG AIR,Philippines,N
LRA,"",Little Red Air Service,LITTLE RED,Canada,N
LTU,LT,Air Lituanica,LITUANICA,Lithuania,Y
LXA,"",Luxaviation,RED LION,Luxembourg,N
MAC,R5,Malta Air Charter,MALTA CHARTER,Malta,Y
MAI,L6,Mauritania Airlines International,"",Mauritania,Y
MBR,"",Brazilian Navy Aviation,BRAZILIAN NAVY,Brazil,N
MCE,"",Marshall Aerospace,MARSHALL,United Kingdom,N
MCY,"",Ambulance Air Africa,MERCY,South Africa,N
MDP,"",Medallion Air,MEDALS,Romania,Y
MFS,"",Miller Flying Services,MILLER TIME,United States,N
MHA,"",Mountain High Aviation,MOUNTAIN HIGH,United States,N
MID,"",Midland Airport Services,"",United Kingdom,N
MJB,"",Magic Blue Airlines,MAGIC BLUE,Netherlands,N
MNL,"",Miniliner,MINILINER,Italy,N
MPC,"",Mountain Pacific Air,MOUNTAIN PACIFIC,Canada,N
MPD,A7,Air Plus Comet,RED COMET,Spain,Y
MPJ,"",MAP-Management and Planung,MAPJET,Austria,N
MSH,"",US Marshals Service,MARSHALAIR,United States,N
MTC,N4,Mountain Air Company,MOUNTAIN LEONE,Sierra Leone,N
MTD,"",MacKnight Airlines,"",Australia,N
MTL,"",RAF-Avia,MITAVIA,Latvia,N
MTN,"",Mountain Air Cargo,MOUNTAIN,United States,N
MVY,"",VIM-Aviaservice,"",Russia,N
MXS,"",Maxsus-Avia,MAXSUS-AVIA,Uzbekistan,N
MZK,"",AVC Airlines,"",Japan,N
NAH,"",Nahanni Air Services Ltd,NAHANNI,Canada,N
NEE,"",Northeast Airlines,NORTHEAST,United States,N
NEF,"",Nord-Flyg,NORDEX,Sweden,N
NFD,"",Nürnberger Flugdienst,"",Germany,N
NGA,"",Nigeria Airways,NIGERIA,Nigeria,N
NGV,"",Angoavia,ANGOAVIA,Angola,N
NLT,"",Newfoundland Labrador Air Transport,NALAIR,Canada,N
NSC,"",Societe De Transport Aerien De Mauritanie,TRANS-SOCIETE,Mauritania,N
NX1,"",Nihon.jet connect,"",Kyrgyzstan,Y
OAB,O1,Orbit Airlines Azerbaijan,Orbitaz,Azerbaijan,Y
OAW,2L,Helvetic Airways,HELVETIC,Switzerland,Y
OCN,"",O Air,O-BIRD,France,N
ODS,"",Odessa Airlines,ODESSA AIR,Ukraine,N
ONG,"",Sonnig SA,SONNIG,Switzerland,N
OSO,"",Aviapartner Limited Company,"",Russia,N
PAE,"",Paisajes Espanoles,PAISAJES,Spain,N
PAM,"",Phoenix Air Service,PHOENIX,Germany,N
PAO,PH,Polynesian Airlines,POLYNESIAN,Samoa,Y
PCF,"",Pacific Air Express,PACIFIC EXPRESS,United States,N
PEX,"",Pelican Express,PELICAN EXPRESS,United States,N
PFN,"",Pan African Air Services,PANAFRICAN,Sierra Leone,N
PFR,"",Pacificair Airlines,PACIFIC WEST,United States,N
PGH,"",Pulkovo Aircraft Services,"",Russia,N
PHB,"",Phoebus Apollo Aviation,PHOEBUS,South Africa,N
PIK,"",Polizeihuberschrauberstaffel Sachsen-Anhalt,POLICE IKARUS,Germany,N
PLF,"",Polish Air Force,POLISH AIRFORCE,Poland,N
PMS,"",Planemaster Services,PLANEMASTER,United States,N
PMT,U4,PMTair,MULTITRADE,Cambodia,Y
PMY,"",Phetchabun Airline,PHETCHABUN AIR,Thailand,N
PNL,"",Aero Personal,AEROPERSONAL,Mexico,N
PNM,"",Panorama,PANORAMA,Spain,N
PPW,"",Royal Phnom Penh Airways,PHNOM-PENH AIR,Cambodia,Y
PSE,"",Aeroservicio Sipse,SIPSE,Mexico,N
PSL,"",Aeroservicios Corporativos De San Luis,CORSAN,Mexico,N
PSN,"",Potosina Del Aire,POTOSINA,Mexico,N
PSR,"",Polestar Aviation,POLESTAR,United Kingdom,N
PTA,"",Ptarmigan Airways,PTARMIGAN,Canada,N
PTL,"",Providence Airline,PLANTATION,United States,N
PTN,P8,Pantanal Linhas Aéreas,PANTANAL,Brazil,N
QAF,"",Qatar Amiri Flight,AMIRI,Qatar,N
QAQ,"",Qurinea Air Service,QURINEA AIR,Libya,N
RAI,"",Aerotur-Air,DIASA,Kazakhstan,N
RAN,"",Renan,RENAN,Moldova,N
RAU,"",Uganda Royal Airways,UGANDA ROYAL,Uganda,N
RCB,"",Real Aero Club De Baleares,BALEARES,Spain,N
RCD,"",Real Aeroclub De Ternerife,AEROCLUB,Spain,N
RDR,"",Goodridge (UK) Limited,RED STAR,United Kingdom,N
REO,"",Rio Airways,RIO,United States,N
RFI,"",National Air Traffic Services,SHERLOCK,United Kingdom,N
RGR,"",Region Air,REGIONAIR,Canada,N
RIU,"",Riau Airlines,RIAU AIR,Indonesia,N
RML,MV,Armenian International Airways,"",Armenia,N
RMT,"",Ram Aircraft Corporation,RAM FLIGHT,United States,N
RND,"",Rutland Aviation,RUTLAND,United Kingdom,N
ROS,"",Rossair Europe,CATCHER,Netherlands,N
ROX,"",Roblex Aviation,ROBLEX,United States,N
RUS,C9,Cirrus Airlines,CIRRUS AIR,Germany,Y
SBO,"",Stabo Air,STABAIR,Zambia,N
SBT,"",Taftan Airlines,TAFTAN,Iran,N
SCM,"",American Jet International,SCREAMER,United States,N
SDS,"",United Kingdom Civil Aviation Authority,STANDARDS,United Kingdom,N
SDV,"",Servicios Aereos Del Vaupes,SELVA,Colombia,N
SEC,"",3D Aviation,SECUREX,United States,N
SEG,"",Eagle International,SEN-EAGLE,Senegal,N
SEK,"",Skyjet,SKALA,Kazakhstan,N
SEU,SE,XL Airways France,STARWAY,France,Y
SFN,"",Safiran Airlines,SAFIRAN,Iran,N
SGC,"",Southern Right Air Charter,SOUTHERNRIGHT,South Africa,N
SGP,"",Sagolair Transportes Ejecutivos,SAGOLAIR,Spain,N
SHA,SH,Sharp Airlines,SHARP,Australia,Y
SIR,"",Salair,SALAIR,United States,N
SJU,UQ,Skyjet Airlines,SKYJET,Uganda,Y
SKI,RU,SkyKing Turks and Caicos Airways,SKYKING,Turks and Caicos Islands,N
SKP,"",Aero-North Aviation Services,SKIPPER,Canada,N
SKY,BC,Skymark Airlines,SKYMARK,Japan,Y
SNG,V7,Air Senegal International,AIR SENEGAL,Senegal,N
SNX,"",Sun Air Aviation Services,SUNEX,Canada,N
SNY,"",Air Sandy,AIR SANDY,Canada,N
SOG,"",Aero Soga,AEROSOGA,Guinea-Bissau,N
SOT,"",Southeast Correct Craft,SOUTH COURIER,United States,N
SOZ,HZ,Sat Airlines,SATCO,Kazakhstan,Y
STK,"",Aeropac,SAT PAK,United States,N
SUM,"",State Unitary Air Enterprise,SUMES,Russia,N
SVI,"",Servicios De Transporte Aereo,SETRA,Mexico,N
SWC,"",South West Air,SAINT CLAIR,Canada,N
SYT,"",Aerosud Aviation,SKYTRACK,South Africa,N
TAA,"",Aeroservicios de La Costa,AERO COSTA,Mexico,N
TAQ,"",Taunus Air Gmbh,Taunusair,Germany,N
TAX,"",Travelair,TRAVELAIR,Germany,N
TBC,"",Turbine Air Cargo UK,"",United Kingdom,N
TCR,"",Lanaes Aereas Trans Costa Rica,TICOS,Costa Rica,N
TCT,"",Transcontinental Sur,TRANS-CONT,Uruguay,N
TED,"",Aero Servicios Azteca,AEROAZTECA,Mexico,N
TFH,"",Thai Flying Helicopter Service,THAI HELICOPTER,Thailand,N
TGO,"",Transport Canada,TRANSPORT,Canada,N
TGT,"",SAAB Nyge Aero,TARGET,Sweden,N
THK,"",Turk Hava Kurumu Hava Taksi Isletmesi,HUR KUS,Turkey,Y
THR,"",Tehran Airline,TEHRAN AIR,Iran,N
TLM,9F,Tramm Airlines,9F,Netherlands Antilles,N
TME,"",Aero Taxi del Centro de Mexico,TAXICENTRO,Mexico,N
TNA,GE,TransAsia Airways,TransAsia,Taiwan,Y
TNR,"",Tanana Air Services,TAN AIR,United States,N
TPC,TY,Air Cal,AIRCAL,France,N
TST,"",TRAST,TRAST,Kazakhstan,N
TSV,"",Tropair Airservices,TROPIC,United Kingdom,N
TUC,"",Turismo Aereo de Chile,TURICHILE,Chile,N
TWE,"",Transwede Airways,TRANSWEDE,Sweden,N
TXV,"",Puerto Vallarta Taxi Aereo,TAXIVALLARTA,Mexico,N
TXX,"",Austin Express,COWBOY,United States,N
TZU,"",Servicios Aereos Tamazula,TAMAZULA,Mexico,N
UAA,"",University Air Squadron,"",United Kingdom,N
UAY,"",University of Birmingham Air Squadron (RAF),UAY,United Kingdom,Y
UEA,"",United Eagle Airlines,UNITED EAGLE,China,N
UGX,QU,East African,CRANE,Uganda,Y
USX,"",US Express,AIR EXPRESS,United States,N
UTN,"",Trans-Ulgii,TRANS-ULGII,Mongolia,N
UTU,"",Urartu-Air,"",Armenia,N
VER,"",Almaver,ALMAVER,Mexico,N
VHA,"",VH-Air Industrie,AIR V-H,Angola,N
VIN,"",Vinair - Helicoptereos,VINAIR,Portugal,N
VOZ,VA,Virgin Australia,VIRGIN,Australia,Y
VQI,"",Flyme (VP),"",Maldives,Y
VRA,"",Vertair,VERITAIR,United Kingdom,N
VRD,VX,Virgin America,REDWOOD,United States,Y
VTH,"",Vuelos Corporativos de Tehuacan,VUELOS TEHUACAN,Mexico,N
VTM,"",Aeronaves TSM,AERONAVES TSM,Mexico,N
VVN,47,88,"",Cyprus,Y
VZL,"",Vzlyet,VZLYET,Russia,N
WAA,"",Westair Aviation,WESTAIR WINGS,Namibia,N
WAK,K5,Wings of Alaska,WINGS ALASKA,United States,N
WLG,"",Volga Aviaexpress,GOUMRAK,Russia,N
WVL,8Z,Wizz Air Hungary,WIZZBUL,Bulgaria,Y
XCC,"",Ecoturistica de Xcalak,XCALAK,Mexico,N
XDA,"",Bureau Veritas,"",France,N
XGA,"",General Aviation Terminal,"",Canada,N
XKX,"",ASECNA,"",France,N
XNA,"",Express Net Airlines,EXPRESSNET,United States,N
XSR,"",Executive AirShare,"",United States,Y
YCC,YC,Ciel Canadien,Ciel,Canada,Y
---,++,Lombards Air,"",South Africa,N
"..,",EX,Wings of England,"",United Kingdom,N
AAL,AA,American Airlines,AMERICAN,United States,Y
ACD,"",Academy Airlines,ACADEMY,United States,N
ADE,ZY,Ada Air,ADA AIR,Albania,Y
ADJ,"",Abicar,ABICAR,Ivory Coast,N
AEX,"",Airway Express,AVCO,United States,N
AFQ,"",Alba Servizi Aerotrasporti,ALBA,Italy,N
AFR,AF,Air France,AIRFRANS,France,Y
AFS,"",Air Data,"",United Kingdom,N
AHM,"",Garrison Aviation,AIR HURON,Canada,N
AHW,HT,Aeromist-Kharkiv,AEROMIST,Ukraine,N
AIV,"",Airvias S/A Linhas Aereas,AIRVIAS,Brazil,N
AIZ,IZ,Arkia Israel Airlines,ARKIA,Israel,Y
AKG,"",84 Squadron Royal Air Force @ RAF Akrotiri,GRIFTER,United Kingdom,N
AKR,"",Arctic Air,Arctic Norway,Norway,N
ALE,"",Aeroalas Colombia,AEROALAS,Colombia,N
AMX,AM,AeroMéxico,AEROMEXICO,Mexico,Y
ANB,"",Air Navigation And Trading Co. Ltd.,AIR NAV,United Kingdom,N
ANM,"",Antares Airtransport, Maintenance & Service GmbH,ANTARES,N
AOG,2D,Aero VIP,AVIP,Argentina,N
APT,"",LAP Colombia - Lineas Aereas Petroleras, S.A.,LAP,N
ASC,"",Air Star Corporation,AIR STAR,Canada,N
ASD,4D,Air Sinai,AIR SINAI,Egypt,Y
ASO,"",Aero Slovakia,AERO NITRA,Slovakia,N
ATD,"",Aerotours Dominicana,AEROTOURS,Dominican Republic,N
AVA,AV,Avianca - Aerovias Nacionales de Colombia, S.A.,AVIANCA,Y
AVF,"",Aviair Aviation Ltd.,CARIBOO,Canada,N
AWS,"",Arab Wings,ARAB WINGS,Jordan,N
AYK,"",Aykavia Aircompany,"",Armenia,N
BAP,"",Trans International Express Aviation,BIG APPLE,United States,N
BCY,WX,CityJet,CITY-IRELAND,Ireland,Y
BGA,"",Airbus Transport International,BELOUGA,France,N
BGD,B9,Air Bangladesh,AIR BANGLA,Bangladesh,Y
BHP,4T,Belair Airlines,BELAIR,Switzerland,Y
BKF,"",BF-Lento OY,BAKERFLIGHT,Finland,Y
BKY,BU,Blue Sky America,"",United States,N
BMA,BD,bmi,MIDLAND,United Kingdom,Y
BNL,"",Blue Nile Ethiopia Trading,NILE TRADING,Ethiopia,N
BPS,"",Budapest Aircraft Services/Manx2,BASE,Hungary,Y
BPT,"",Bonus Aviation,BONUS,United Kingdom,N
BRB,7R,BRA-Transportes Aereos,BRA-TRANSPAEREOS,Brazil,N
BRF,"",Air Bravo,AIR BRAVO,Uganda,N
BRX,"",Buffalo Express Airlines,BUFF EXPRESS,United States,N
BRY,"",Burundayavia,BURAIR,Kazakhstan,N
BSS,"",Bissau Aero Transporte,BISSAU AIRSYSTEM,Guinea-Bissau,N
BUU,BU,Baikotovitchestrian Airlines ,"",American Samoa,Y
BVA,"",Buffalo Airways,BUFFALO AIR,United States,N
BVN,"",Baron Aviation Services,SHOW-ME,United States,N
CAZ,"",Cat Aviation,EUROCAT,Switzerland,N
CBF,CJ,China Northern Airlines,CHINA NORTHERN,China,N
CBN,"",Swedish Civil Aviation Administration,CALIBRATION,Sweden,N
CBO,"",Aerotaxi del Cabo,TAXI CABO,Mexico,N
CCM,XK,Corse-Mediterranee,CORSICA,France,Y
CCW,"",Coptrade Air Transport,COPTRADE AIR,Sudan,N
CDL,"",Sunbird Airlines,CAROLINA,United States,N
CEC,"",Celtic Airways,CELTAIR,United Kingdom,N
CHU,"",Church Aircraft,CHURCHAIR,United States,N
CMF,"",Air Care Alliance,COMPASSION,United States,N
CMG,"",Comet Airlines,SUNSPY,Nigeria,N
CNA,7N,Centavia,"",Serbia,N
COE,"",Comtel Air,"",Austria,Y
COP,"",Copper State Air Service,COPPER STATE,United States,N
CPL,"",Chaparral Airlines,CHAPARRAL,United States,N
CPX,"",Capital Air Service,CAPAIR,United States,N
CR1,9J,Regionalia Chile,"",Chile,Y
CRF,NV,Air Central,AIR CENTRAL,Japan,N
CRS,"",Comercial Aerea,COMERCIAL AEREA,Mexico,N
CRX,"",Cross Aviation,CROSSAIR,United Kingdom,N
CVT,"",Peran,CVETA,Kazakhstan,N
CVU,"",Grand Canyon Airlines,CANYON VIEW,United States,N
CXI,8C,Shanxi Airlines,SHANXI,China,N
CXN,"",China Southwest Airlines,CHINA SOUTHWEST,China,N
CYE,"",Aerocheyenne,AEROCHEYENNE,Mexico,N
CYL,"",Air One Cityliner,CITYLINER,Italy,N
DAE,"",DHL Aero Expreso,YELLOW,Panama,N
DCV,"",Discover Air,DISCOVER,United States,N
DLU,"",Aerolineas Del Sur,DEL SUR,Chile,N
DME,"",Royal Flight,"",Russia,Y
DMI,"",Aeroservicios Dinamicos,AERODINAMICO,Mexico,N
DSQ,"",Dasab Airlines,DASAB AIR,Uganda,N
DXP,"",Dallas Express Airlines,DALLAS EXPRESS,United States,N
DXT,"",Dexter (DXT),Dexter,Russia,N
DYN,"",Aero Dynamics,AERO DYNAMIC,United States,N
EAV,13,Eastern Atlantic Virtual Airlines,EAVA,United States,Y
EET,"",Air Este,AESTE,Spain,N
EHN,"",East Horizon,EAST HORIZON,Afghanistan,Y
EIC,"",Express International Cargo,EXCARGO,S,N
EJT,"",Eclipse Aviation,ECLIPSE JET,United States,N
EKA,"",Equaflight Service,EQUAFLIGHT,Republic of the Congo,N
END,"",Arrendoora y Transportadora Aerea,ARRENDADORA,Mexico,N
ENJ,"",Enerjet,ENERJET AIR,Canada,Y
ENT,"",DAT Enterprise Limited,DATENT,United Kingdom,N
EVM,"",Natural Environment Research Council,SCIENCE,United Kingdom,N
EWS,"",Enterprise World Airways,WORLD ENTERPRISE,Democratic Republic of the Congo,N
EXV,8D,Expo Aviation,EXPOAVIA,Sri Lanka,N
FAD,"",Rog-Air,AIR FRONTIER,Canada,N
FAR,"",Falcon Air,FALCAIR,Slovenia,N
FAV,"",Fair Aviation,FAIRAVIA,South Africa,N
FII,"",Aerodata Flight Inspection,FLIGHT CHECKER,Germany,N
FLL,"",Federal Airlines,FEDERAL AIRLINES,Sweden,N
FNK,"",Feniks Airline,AURIKA,Kazakhstan,N
FOR,"",Formula One Management,FORMULA,United Kingdom,N
FSB,"",FSB Flugservice & Development,SEABIRD,Germany,N
FTM,"",Flyteam Aviation,FLYTEAM,United Kingdom,N
FTP,"",Keystone Aerial Surveys,FOOTPRINT,United States,N
FTY,"",ABC Bedarsflug,FLY TYROL,Austria,N
FXI,NY,Air Iceland,FAXI,Iceland,Y
FXT,"",Flexflight,"",Denmark,N
FYH,"",Flyhy Cargo Airlines,FLY HIGH,Thailand,Y
GAQ,"",Golfe Air Quebec,GOLFAIR,Canada,N
GAR,"",Commodore Aviation,"",Australia,N
GAT,"",Gulf Air Inc,GULF TRANS,United States,N
GDH,"",Guneydogu Havacilik Isletmesi,RISING SUN,Turkey,N
GFG,QB,Georgian National Airlines,NATIONAL,Georgia,Y
GFT,"",Gulfstream International Airlines,GULF FLIGHT,United States,Y
GHN,"",Air Ghana,AIR GHANA,Ghana,N
GJB,"",Trans-Air-Link,SKY TRUCK,United States,N
GMG,"",GM Helicopters,GEE-EM HELICOPTERS,Latvia,N
GRE,"",Air Scotland,GREECE AIRWAYS,Greece,N
GSV,"",Agrocentr-Avia,AGRAV,Kazakhstan,N
GSW,"",Sky Wings Airlines,"",Greece,N
GSY,"",Guard Systems,GUARD AIR,Norway,N
HAL,HA,Hawaiian Airlines,HAWAIIAN,United States,Y
HAV,"",Havilah Air Services,HAVILAH,Nigeria,N
HCP,"",Helicopter,HELI CZECH,Czech Republic,N
HGA,"",Hogan Air,HOGAN AIR,United States,N
HGK,N8,Fika Salaama Airlines,SALAAMA,Uganda,N
HKH,"",Air-Invest,HAWKHUNGARY,Hungary,N
HSP,"",International Jet Charter,HOSPITAL,United States,N
HTE,"",Midwest Helicopters De Mexico,HELICOPTERSMEXICO,Mexico,N
HTR,"",Holstenair Lubeck,HOLSTEN,Germany,N
HUS,"",Huessler Air Service,HUESSLER,United States,N
HUT,"",Aerotransportes Huitzilin,AEROHUITZILIN,Mexico,N
HVK,"",Turkish Air Force,TURKISH AIRFORCE,Turkey,Y
IBT,"",Ibertrans Aerea,IBERTRANS,Spain,N
IEA,"",Inter European Airways,"",United Kingdom,N
IMN,"",Aerotaxis Cimarron,TAXI CIMARRON,Mexico,N
IMR,"",Imaer,IMAER,Portugal,N
IMT,"",Imtrec Aviation,IMTREC,Cambodia,N
IMX,C4,Zimex Aviation,ZIMEX,Switzerland,N
ING,"",Aeroingenieria,AEROINGE,Chile,N
INU,"",Flyguppdraget Backamo,INSTRUCTOR,Sweden,N
IRA,IR,Iran Air,IRANAIR,Iran,Y
IRM,W5,Mahan Air,MAHAN AIR,Iran,Y
IRZ,"",Saha Airlines Services,SAHA,Iran,N
ITF,"",Avita-Servicos Aereos,AIR AVITA,Angola,N
ITU,"",Intervuelos,INTERLOS,Mexico,N
IXR,"",Ixair,X-BIRD,France,N
JAA,EG,Japan Asia Airways,ASIA,Japan,Y
JBA,JB,Helijet,HELIJET,Canada,Y
JBR,"",Job Air,JOBAIR,Czech Republic,N
JIM,"",Sark International Airways,SARK,United Kingdom,N
JJA,7C,Jeju Air,JEJU AIR,Republic of Korea,Y
JJP,"",Jetstar Japan ,ORANGE LINER,Japan,Y
JNH,"",M & N Aviation,JONAH,United States,N
JON,"",Johnsons Air,JOHNSONSAIR,Ghana,N
JTL,"",Jetall Holdings,FIREFLY,Canada,N
JTX,"",Jet Aspen Air Lines,JET ASPEN,United States,N
KDZ,"",Flightworks,KUDZU,United States,N
KHA,"",Kitty Hawk Aircargo,AIR KITTYHAWK,United States,N
KHH,"",Alexandria Airlines,"",Egypt,N
KHY,"",Khyber Afghan Airlines,KHYBER,Afghanistan,N
KIP,"",Kinnarps,KINNARPS,Sweden,N
KNG,"",King Aviation,KING,United Kingdom,N
KOA,"",Koanda Avacion,KOANDA,Spain,N
KOM,"",Kom Activity,COMJET,Netherlands,N
KOY,"",Araiavia,ALEKS,Kazakhstan,N
KRH,"",United Kingdom Royal VIP Flight,SPARROWHAWK,United Kingdom,N
KSZ,"",Sunrise Airways,"",Haiti,Y
KTC,"",Kyrgyz Trans Avia,DINARA,Kyrgyzstan,N
KWA,"",Vozdushnaya Academy,VOZAIR,Kazakhstan,N
KWY,"",Key Air,KeyAir,United States,N
KYR,"",Sky Aeronautical Services,SKY AERONAUTICAL,Mexico,N
KZA,"",Kurzemes Avio,"",Russia,N
LAN,LA,LAN Airlines,LAN,Chile,Y
LBL,L8,Line Blue,Bluebird,Germany,Y
LBW,"",Albatros Airways,ALBANWAYS,Albania,N
LDA,NG,Lauda Air,LAUDA AIR,Austria,Y
LEA,"",Unijet,LEADAIR,France,N
LGL,LG,Luxair,LUXAIR,Luxembourg,Y
LGT,"",Longtail Aviation,LONGTAIL,Bermuda,N
LHT,"",Lufthansa Technik,LUFTHANSA TECHNIK,Germany,N
LIQ,"",Lid Air,"",Sweden,N
LNG,"",Lockheed Martin Aeronautics Company,LIGHTNING,United States,N
LOF,AX,Trans States Airlines,WATERSKI,United States,Y
LXO,"",Luxor Air,"",Egypt,N
LZP,"",Air Ban,DOC AIR,Bulgaria,N
MCG,"",SOS Helikoptern Gotland,MEDICOPTER,Sweden,N
MDH,"",Madina Air,MADINA AIR,Libya,N
MEK,"",Med-Trans of Florida,MED-TRANS,United States,N
MGO,"",Punto Fa,MANGO,Spain,N
MGR,"",Magna Air,MAGNA AIR,Austria,N
MKS,"",Pimichikamac Air,MIKISEW,Canada,N
MLC,"",Malila Airlift,MALILA,Democratic Republic of the Congo,N
MNZ,"",Murmansk Aircompany,MURMAN AIR,Russia,N
MPH,MP,Martinair,MARTINAIR,Netherlands,Y
MPL,"",Master Planner,"",United States,N
MRL,"",Aeromorelos,AEROMORELOS,Mexico,N
MRZ,"",Medical Air Rescue Services,MARS,Zimbabwe,N
MSW,"",Master Airways,MASTER AIRWAYS,Serbia,N
MSX,"",Egyptair Cargo,EGYPTAIR CARGO,Egypt,N
MTJ,"",Metrojet,METROJET,Hong Kong SAR of China,N
MXO,"",Aerotaxi Mexicano,MAXAERO,Mexico,N
NAJ,"",North American Jet Charter Group,JET GROUP,United States,N
NCA,KZ,Nippon Cargo Airlines,NIPPON CARGO,Japan,N
NCE,"",Northcoast Executive Airlines,TOP HAT,United States,N
NER,"",Air Newark,NEWAIR,United States,N
NFC,"",North Atlantic Cargo,NORTH ATLANTIC,Norway,N
NFF,"",Aircraft Support and Services,"",Lebanon,N
NMI,LW,Pacific Wings,TSUNAMI,United States,Y
NOT,"",Linea Aerea Costa Norte,COSTA NORTE,Chile,N
NPO,"",Novosibirsk Aviation Production Association,NOVSIB,Russia,N
NRL,"",Nolinor Aviation,NOLINOR,Canada,N
NTH,"",Hokkaido Air System,NORTH AIR,Japan,N
NTM,"",North American Airlines,NORTHAM,Canada,Y
NVK,"",Nizhnevartovskavia,VARTOSKAVIA,Russia,N
NVP,"",Navegacao Aerea De Portugal,"",Portugal,N
NWW,"",North West Airlines,HALANT,Australia,N
NXB,XB,NEXT Brasil,XB,Brazil,Y
OAI,"",Orbit International Airlines,OA,United States,Y
OLC,"",Solar Cargo,SOLARCARGO,Venezuela,N
OME,MR,Homer Air,"",Germany,Y
OOM,Z4,Zoom Airlines,ZOOM,Canada,Y
ORE,"",Orange Aviation,ORANGE AVIATION,Israel,N
OUL,"",Air Atonabee,CITY EXPRESS,Canada,N
OWL,"",Miami Valley Aviation,NIGHT OWL,United States,N
PBU,8Y,Air Burundi,AIR-BURUNDI,Burundi,N
PCV,"",Pacific Aviation (Australia),PACAV,Australia,N
PDQ,"",PDQ Air Charter,DISPATCH,United States,N
PDR,"",COMAV,SPEEDSTER,Namibia,N
PEV,"",Pegasus Aviation,PEGAVIATION,Greece,N
PHO,"",L&L Flygbildteknik,PHOTOFLIGHT,Sweden,N
PKZ,"",Prime Aviation,PRAVI,Kazakhstan,N
PLI,PL,Aeroper,Aeroperu,Peru,Y
PMK,3D,Palair Macedonia,"",Macedonia,N
PNP,"",Pineapple Air,PINEAPPLE AIR,Bahamas,N
PNS,"",Survey Udara (Penas),PENAS,Indonesia,N
PPQ,"",Personas Y Pasquetes Por Air,PERSONSPAQ,Mexico,N
PRA,"",Pars Aviation Service,PARSAVIA,Iran,N
PRT,"",Atlantic Coast Jet,PATRIOT,United States,N
PYA,"",Pouya Air,"",Iran,Y
PYB,0P,All America BOPY,BOPY,Paraguay,Y
QNK,N2,Kabo Air,KABO,Nigeria,N
QNT,"",Qanot Sharq,QANAT SHARQ,Uzbekistan,N
RBU,4Y,Airbus France,AIRBUS FRANCE,France,N
RBV,"",Air Roberval,AIR ROBERVAL,Canada,N
RCF,"",Aeroflot-Cargo,AEROFLOT-CARGO,Russia,N
RCI,"",Air Cassai,AIR CASSAI,Angola,N
RFF,"",Russian Federation Air Force,RUSSIAN AIRFORCE,Russia,N
RGG,1E,TransRussiaAirlines,"",Russia,Y
RIS,"",Aeris Gestion,AERIS,Spain,N
RLM,"",Royal American Airways,ROYAL AMERICAN,United States,N
RLV,"",Real Aviation,REAL,Ghana,N
RPH,RH,Republic Express Airlines,PUBLIC EXPRESS,Indonesia,Y
RRU,"",Cirrus,HELICIRRUS,Chile,N
RRY,"",Tbilisi Aviation University,AIRFERRY,Georgia,N
RSR,BF,Aero-Service,CONGOSERV,Republic of the Congo,Y
RSS,"",Rossair,ROSS CHARTER,South Africa,N
RXX,"",Express Air Charter,REX AIR,Canada,N
RYA,"",Ryan Air Services,RYAN AIR,United States,Y
RYZ,"",Ryazan State Air Enterprise,RYAZAN AIR,Russia,N
SAI,NL,Shaheen Air International,SHAHEEN AIR,Pakistan,Y
SAT,SP,SATA Air Acores,SATA,Portugal,Y
SBD,S8,Snowbird Airlines,"",Finland,Y
SBF,"",Seven Bar Flying Service,S-BAR,United States,N
SBM,"",Sky Bahamas,SKY BAHAMAS,Bahamas,N
SCU,"",Air Scorpio,SCORPIO UNIVERS,Bulgaria,N
SDB,"",Sukhoi Design Bureau Company,SU-CRAFT,Russia,N
SDL,"",Skydrift,SKYDRIFT,United Kingdom,N
SFF,"",Safewings Aviation Company,SWIFTWING,United States,N
SFL,"",Southflight Aviation,SOUTHFLIGHT,New Zealand,N
SGM,"",Sky Aircraft Service,SIGMA,Netherlands,N
SGR,W9,Eastwind Airlines,STINGER,United States,N
SHR,"",Shooter Air Courier,SHOOTER,Canada,N
SJM,7R,Svyaz Rossiya,RussianConnecty,Russia,Y
SKR,"",Skyscapes Air Charters,SKYSCAPES,South Africa,N
SMK,"",Semeyavia,ERTIS,Kazakhstan,N
SOP,"",Solinair,SOLINAIR,Slovenia,N
SSF,"",Severstal,SEVERSTAL,Russia,N
SSK,"",Skystar International,SKYSTAR,United States,N
SSP,"",Starspeed,STARSPEED,United Kingdom,N
STR,"",Red Star,STARLINE,United Arab Emirates,N
SUG,"",Sunu Air,SUNU AIR,Senegal,N
SUS,EZ,Sun Air of Scandinavia,SUNSCAN,Denmark,N
SVH,"",Sterling Helicopters,SILVER,United Kingdom,N
SVO,"",Servicios Aeronauticos De Oriente,SERVIORIENTE,Mexico,N
SVY,"",Cooper Aerial Surveys,SURVEYOR,United Kingdom,N
SWH,"",Adler Aviation,SHOCKWAVE,Canada,N
SWI,"",Sunworld Airlines,SUNWORLD,United States,N
SXE,"",Southeast Express Airlines,DOGWOOD EXPRESS,United States,N
SZL,"",Swaziland Airlink,SWAZILINK,Swaziland,N
TAV,"",Compania de Servicios Aereos Tavisa,TAVISA,Spain,N
TCH,"",Transcontinental Air,TRANS GULF,Bahrain,N
TFI,"",Transport Facilitators,"",United States,N
THM,"",Airmark Aviation,THAI AIRMARK,Thailand,N
THU,"",Thunder Airlines,AIR THUNDER,Canada,N
TIL,"",Tajikistan International Airlines,TIL,Tajikistan,Y
TNT,"",Trans North Turbo Air,TRANS NORTH,Canada,N
TOH,"",Air Tomisko,TOMISKO CARGO,Serbia,N
TPS,"",TAPSA Transportes Aereos Petroleros,TAPSA,Argentina,N
TQN,"",Taquan Air Services,TAQUAN,United States,N
TQR,"",Transportacion Aerea De Queretaro,TRANSQUERETARO,Mexico,N
TRJ,"",Trans Euro Air,HIGH TIDE,United Kingdom,N
TRO,"",Tropic Airlines-Air Molokai,MOLOKAI,United States,N
TRR,"",Tramson Limited,TRAMSON,Sudan,N
TVS,QS,Travel Service,SKYTRAVEL,Czech Republic,Y
TWN,EC,Avialeasing Aviation Company,TWINARROW,Uzbekistan,Y
TZK,"",Tajikstan,TAJIKSTAN,Tajikistan,N
UBD,4H,United Airways,UNITED BANGLADESH,Bangladesh,Y
UCA,C5,CommutAir,COMMUTAIR,United States,Y
UDA,"",Psudiklat Perhubungan Udara/PLP,UDARA,Indonesia,N
UDN,"",Dniproavia,DNIEPRO,Ukraine,Y
UNJ,"",Universal Jet,PROJET,Spain,N
UTY,QQ,Alliance Airlines,UNITY,Australia,Y
UVA,"",Universal Airways,UNIVERSAL,United States,N
VBW,2J,Air Burkina,BURKINA,Burkina Faso,Y
VCM,"",Volare Air Charter Company,CARMEN,United States,N
VCV,V0,Conviasa,CONVIASA,Venezuela,Y
VHM,"",VHM Schul-und-Charterflug,EARLY BIRD,Germany,N
VIE,"",VIP Empresarial,VIP EMPRESARIAL,Mexico,N
VIZ,"",Aerovis Airlines,AEROVIZ,Ukraine,N
VLV,"",Avialift Vladivostok,VLADLIFT,Russia,N
VOL,"",Blue Chip Jet,BLUE SPEED,Sweden,N
VPB,"",Veteran Air,VETERAN,Ukraine,N
VRI,"",Aerotaxi Villa Rica,VILLARICA,Mexico,N
VSA,"",Avstar Aviation,STARBIRD,South Africa,N
VVC,5Z,VivaColombia,"",Colombia,Y
VVM,ZG,Viva Macau,JACKPOT,Macao,Y
VYT,"",RAF Valley Flying Training Unit,ANGLESEY,United Kingdom,N
WAU,WU,Wizz Air Ukraine,WIZZAIR UKRAINE,Ukraine,Y
WFX,"",Westfalia Express VA,"",Germany,Y
WTC,"",Weasua Air Transport Company,WATCO,Liberia,N
XAS,"",PHH Aviation System,"",United States,N
XAT,"",AT and T Aviation Division,"",United States,N
XBO,"",Baseops International,"",United States,N
XGW,"",Global Weather Dynamics,"",United States,N
XKA,"",Kavouras Inc,"",United States,N
YZR,Y8,Yangtze River Express,YANGTZE RIVER,China,N
Z9H,Z0,All Argentina Express,"",Argentina,Y
ZAS,"",ZAS Airlines of Egypt,ZAS AIRLINES,Egypt,N
ZBA,"",Boskovic Air Charters Limited,BOSKY,Kenya,N
ZXY,ZX,Japan Regio,"",Japan,Y
\\'\\,\\',Jayrow,"",Australia,Y
1Y,"",Electronic Data Systems,"","",N
AAU,"",Australia Asia Airlines,AUSTASIA,Australia,N
ABM,"",Aero Albatros,ALBATROS ESPANA,Spain,N
ACF,"",Centro de Formacion Aeronautica de Canarias,FORCAN,Spain,N
ACQ,N6,Nuevo Continente,AERO CONTINENTE,Peru,N
AEC,"",Aerocesar, Aerovias Del Cesar,AEROCESAR,N
AED,"",Aerotrans Airlines,"",Russia,N
AEK,"",Aerocon,AEROCON,Bolivia,N
AFE,"",Airfast Indonesia,AIRFAST,Indonesia,N
AHE,"",Airport Helicopter Basel, Muller & Co.,AIRPORT HELICOPTER,N
AHK,LD,Air Hong Kong,AIR HONG KONG,Hong Kong,N
AIA,U3,Avies,AVIES,Estonia,Y
AJM,JM,Air Jamaica,JAMAICA,Jamaica,Y
AJO,"",Aeroejecutivo,AEROEXO,Mexico,N
AKB,"",Aktjubavia,KARAB,Kazakhstan,N
ALK,UL,SriLankan Airlines,SRILANKAN,Sri Lanka,Y
ALU,"",Air Luxor STP,LUXORJET,Sao Tome and Principe,N
ALX,EO,Hewa Bora Airways,ALLCONGO,Democratic Republic of the Congo,N
AOE,"",Air One Executive, ,Italy,N
APM,"",Airpac, Inc.,ALASKA PACIFIC,N
ARA,W3,Arik Air,ARIK AIR,Nigeria,N
ARZ,"",Air Resorts,AIR RESORTS,United States,N
ASA,AS,Alaska Airlines, Inc.,ALASKA,Y
ASM,"",Awesome Flight Services (PTY) Ltd.,AWESOME,South Africa,N
ATB,"",Atlantair Ltd.,STARLITE,Canada,N
AUM,"",Air Atlantic Uruguay,ATLAMUR,Uruguay,N
AVH,"",AV8 Helicopters,KENT HELI,United Kingdom,N
AXX,"",Avioimpex A.D.p.o.,IMPEX,Macedonia,N
AYT,"",Ayeet Aviation & Tourism,AYEET,Israel,N
BAZ,"",BAE Systems Flight Training,"",Australia,N
BBZ,"",Blue Bird Aviation,COBRA,Kenya,N
BCC,8B,BusinessAir,"",Thailand,Y
BCV,"",Business Aviation Center,BUSINESS AVIATION,Ukraine,N
BDM,"",Air Bandama,BANDAMA,Ivory Coast,N
BEA,"",Best Aviation Ltd,BEST AIR,Bangladesh,N
BFN,"",Compangnie Nationale Naganagani,"",Burkina Faso,N
BGI,"",British Gulf International,BRITISH GULF,S,N
BGM,"",Bugulma Air Enterprise,BUGAVIA,Russia,N
BIV,"",Aviaservice,AVIASERVICE,Georgia,N
BKA,B4,Bankair,BANKAIR,United States,N
BMH,"",Bristow Masayu Helicopters,MASAYU,Indonesia,N
BML,5Z,Bismillah Airlines,BISMILLAH,Bangladesh,N
BNX,KG,LAI - Linea Aerea IAACA,AIR BARINAS,Venezuela,N
BOT,BP,Air Botswana,BOTSWANA,Botswana,Y
BOX,"",Tiphook PLC,BOX,United Kingdom,N
BRK,"",Briansk State Air Enterprise,BRIANSK-AVIA,Russia,N
BRL,"",Air Brasd'or,BRASD'OR,Canada,N
BRS,"",Brazilian Air Force,BRAZILIAN AIR FORCE,Brazil,Y
BRU,B2,Belavia Belarusian Airlines,BELARUS AVIA,Belarus,Y
BSJ,"",Blue Swann Aviation,BLUE SWANN,United Kingdom,N
BSP,"",Global Airways,"",Democratic Republic of Congo,N
BST,"",Best Air,TUNCA,Turkey,N
BTR,"",Botir-Avia,BOTIR-AVIA,Kyrgyzstan,N
BTS,"",Aerotaxis Albatros,AEROLINEAS ALBATROS,Mexico,N
BTT,"",BT-Slavuta,BEETEE-SLAVUTA,Ukraine,N
BYE,BM,Bayu Indonesia Air,BAYU,Indonesia,N
BZE,GB,BRAZIL AIR,BRAZIL AIR,Brazil,Y
CBB,"",Cheboksary Airenterprise JSC,CHEBAIR,Russia,N
CBI,"",CABI,CABI,Ukraine,N
CBL,"",Cumberland Airways (Nicholson Air Service),CUMBERLAND,United States,N
CCK,"",Flight Trac,CABLE CHECK,United States,N
CCQ,"",Capital City Air Carriers,CAP CITY,United States,N
CET,"",Centrafrican Airlines,CENTRAFRICAIN,Central African Republic,N
CFF,"",Aerofan,AEROFAN,Spain,N
CFL,"",Swedish Airlines,SWEDISH,Sweden,N
CFP,"",Compania de Aviacion Faucett,"",Peru,N
CFS,EM,Empire Airlines,EMPIRE AIR,United States,N
CGL,"",Seagle Air,SEAGLE,Slovakia,N
CGU,"",Chinguetti Airlines,CHINGUETTI,Mauritania,N
CIP,"",City-Air Germany,"",Germany,N
CMP,CM,Copa Airlines,COPA,Panama,Y
CMS,"",Commercial Aviation,ACCESS,Canada,N
CNJ,"",Nanjing Airlines,NINGHANG,China,N
COF,"",Confort Air,CONFORT,Canada,N
CON,"",Continental Oil,CONOCO,United States,N
COT,"",Cottesmore Flying Training Unit,COTTESMORE,United Kingdom,N
CPD,"",Capital Airlines,CAPITAL DELTA,Kenya,N
CRQ,"",Air Creebec,CREE,Canada,N
CRW,"",Crownair,REGAL,Canada,N
CSY,"",Shuangyang General Aviation,SHUANGYANG,China,N
CTR,"",Aerlineas Centauro,CENTAURO,Mexico,N
CUI,"",Cancun Air,CAN-AIR,Mexico,N
CUO,"",Aerocuahonte,CUAHONTE,Mexico,N
CVE,"",Cabo Verde Express,KABEX,Cape Verde,N
CWS,KT,California Western,"",United States,N
CYG,"",Yana Airlines,VICAIR,Cambodia,N
DCS,"",Daimler Chrysler Aviation,TWIN STAR,Germany,N
DEI,"",Ecoair,"",Algeria,N
DHA,"",Dahla Airlines,"",Democratic Republic of Congo,N
DIP,"",Diplomatic Freight Services,DIPFREIGHT,United Kingdom,N
DIS,"",Di Air,DI AIR,Serbia,N
DJE,"",Durango Jet,DURANGO JET,Mexico,N
DNL,"",Dutch Antilles Express,DUTCH ANTILLES,Netherlands Antilles,Y
DRB,"",Didier Rousset Buy,DIDIER,Chile,N
DTV,"",Centre Airlines,DUTCH VALLEY,United States,N
DTY,"",Destiny Air Services,DESTINY,Sierra Leone,N
DWW,"",Jet Courier Service,DON JUAN,United States,N
DYE,"",Dynamic Air,DYNAMIC,Netherlands,N
EAC,"",Executive Air Charter,EXECAIR,United States,N
EAE,"",Aeroservicios Ecuatorianos,AECA,Ecuador,N
EAQ,"",Eastern Australia Airlines,"",Australia,N
EAX,"",Eastern Air Executive,EASTEX,United Kingdom,N
EBA,"",Bond Aviation,BOND AVIATION,Italy,N
ECC,QE,Crossair Europe,Cigogne,Switzerland,N
ECV,"",Ecuatoguineana De Aviacion (EGA),EQUATOGUINEA,Equatorial Guinea,N
EDW,WK,Edelweiss Air,EDELWEISS,Switzerland,Y
EFT,"",Embassy Freight Company,EMBASSY FREIGHT,United States,N
EGV,"",Enrique Gleisner Vivanco,GLEISNER,Chile,N
EJO,"",Execujet Middle East,MIDJET,United Arab Emirates,N
EJX,"",Egyptian Aviation,"",Egypt,N
ESR,ZE,Eastar Jet,Eastar,South Korea,Y
EST,"",Carga Express Internacional,CARGAINTER,Mexico,N
ESZ,"",Aeronautica Le Esperanza,ESPERANZA,Mexico,N
EXF,"",Eximflight,EXIMFLIGHT,Mexico,N
EXK,OW,Executive Airlines,EXECUTIVE EAGLE,United States,N
EXM,"",United Kingdom Civil Aviation Authority,EXAM,United Kingdom,N
FAS,"",Freedom Airways,FREEDOM AIRWAYS,Cyprus,N
FCP,"",Flight Corporation,FLIGHTCORP,New Zealand,N
FFB,"",Africair Service,FOXTROT FOXTROT,Senegal,N
FFM,FY,Firefly,FIREFLY,Malaysia,Y
FKA,"",Flying kangaroo Airline,Skippy,Australia,Y
FKL,"",Kelner Airways,KELNER,Canada,N
FLI,RC,Atlantic Airways,FAROELINE,Faroe Islands,Y
FLR,"",Fleetair,FLEETAIR,South Africa,N
FLY,SH,Fly Me Sweden,FLYBIRD,Sweden,N
FRE,FP,Freedom Air,FREEDOM,United States,Y
FSL,"",Flight Safety Limited,FLIGHTSAFETY,United Kingdom,N
FXR,"",Foxair,WILDFOX,Italy,N
GBJ,"",Aero Business Charter,GLOBAL JET,Germany,N
GCF,"",Aeronor,AEROCARTO,Spain,N
GDN,"",Gerry's Dnata,"",Pakistan,N
GEN,"",GENSA,GENSA-BRASIL,Brazil,N
GFC,"",Gail Force Express,GAIL FORCE,United States,N
GFD,"",Gesekkschaft Fur Flugzieldarstellung,KITE,Germany,N
GFF,"",Griffin Aviation,GRIFFIN AIR,Cyprus,N
GFW,"",GFW Aviation,"",Australia,N
GHS,"",Gatari Hutama Air Services,GATARI,Indonesia,N
GIJ,"",Guinea Airways,GUINEA AIRWAYS,Guinea,N
GIL,"",African International Transport,AFRICAN TRANSPORT,Guinea,N
GIQ,"",Guinee Paramount Airlines,GUIPAR,Guinea,N
GJA,"",Globe Jet,"",Lebanon,N
GMC,"",General Motors,GENERAL MOTORS,United States,N
GME,"",Aguilas Mayas Internacional,MAYAN EAGLES,Guatemala,N
GNA,"",Servicios Aereos Gana,SERVIGANA,Mexico,N
GOL,"",Cardolaar,CARGOLAAR,Namibia,N
GPD,"",Tradewind Aviation,GOODSPEED,United States,N
GUG,"",Aviateca,AVIATECA,Guatemala,N
GUM,"",Gum Air,GUM AIR,Suriname,N
GWA,"",Great Western Air,G-W AIR,United States,N
HCW,V9,Star1 Airlines,"",Lithuania,Y
HDR,"",Helikopterdrift,HELIDRIFT,Norway,N
HHP,"",Helenia Helicopter Service,HELENIA,Denmark,N
HIA,"",Canadian Eagle Aviation,HAIDA,Canada,N
HLB,"",High-Line Airways,HIGH-LINE,Canada,N
HLR,"",Heli Air Services,HELI BULGARIA,Bulgaria,N
HLS,"",Haiti Air Freight,"",Haiti,N
HLU,"",Heli Union Heli Prestations,HELI UNION,France,N
HLX,X3,TUIfly,YELLOW CAB,Germany,Y
HMP,"",Papair Terminal,PAPAIR TERMINAL,Haiti,N
HNX,HN,Hankook Airline,HNX,South Korea,Y
HPL,"",Heliportugal,HELIPORTUGAL,Portugal,N
HTP,"",Heli Trip,HELI TRIP,Mexico,N
HUF,"",Hungarian Air Force,HUNGARIAN AIRFORCE,Hungary,N
HUY,"",Aero Transportes Del Humaya,AERO HUMAYA,Mexico,N
HVL,"",Heavylift International,HEAVYLIFT INTERNATIONAL,United Arab Emirates,N
HWD,"",HPM Investments,FLITEWISE,United Kingdom,N
HYM,HC,Himalayan Airlines,Himalayan,Nepal,Y
IAG,"",EPAG Groupe Air France,EPAG,France,N
IAM,"",Aeronautica Militare,Italian Airforce,Italy,Y
IBY,"",International Business Aircraft,CENTRAL STAGE,United States,N
ICT,RS,Intercontinental de Aviaci,CONTAVIA,Colombia,N
IDS,I5,Indonesia Sky,"",Indonesia,Y
IFI,"",Air Lift,HELLAS LIFT,Greece,N
IIR,Z5,INAVIA Internacional,"",Argentina,Y
IKM,"",Aero Survey,GHANA SURVEY,Ghana,N
ILN,D6,Interair South Africa,INLINE,South Africa,Y
ILS,"",Servicios Aereos Ilsa,SERVICIOS ILSA,Mexico,N
ILV,"",Il-Avia,ILAVIA,Russia,N
IRH,"",Atlas Aviation Group,ATLAS AVIA,Iran,N
IRQ,"",Qeshm Air,QESHM AIR,Iran,N
ISI,"",Island Air,ISLANDMEX,Mexico,N
IVA,"",Innotech Aviation,INNOTECH,Canada,N
IWY,"",Interisland Airways Limited,ISLANDWAYS,Turks and Caicos Islands,N
IZA,"",Izhavia,IZHAVIA,Russia,N
JAM,"",Sunline Express,SUNTRACK,Kenya,N
JDI,"",Jet Service,JEDI,Poland,N
JED,"",Jet East International,JET EAST,United States,N
JGD,"",Jet G&D Aviation,JET GEE-AND-DEE,Israel,N
JHM,"",JHM Cargo Expreso,"",Costa Rica,N
JLN,"",Eurojet Limited,JET LINE,Malta,N
JMJ,"",Johnston Airways,JOHNSTON,United States,N
JOL,IP,Atyrau Air Ways,EDIL,Kazakhstan,N
JPN,"",Jeppesen UK,JETPLAN,United Kingdom,N
JSI,"",Jet Air Group,SISTEMA,Russia,N
JTY,VJ,Jatayu Airlines,JATAYU,Indonesia,N
JXT,"",Jetstream Executive Travel,VANNIN,United Kingdom,N
JZA,QK,Air Canada Jazz,JAZZ,Canada,Y
JZR,J9,Jazeera Airways,JAZEERA,Kuwait,Y
K88,8K,Voestar,"",Brazil,Y
KCA,"",Trans-Kiev,TRANS-KIEV,Ukraine,N
KCE,"",Irving Oil Transport,KACEY,Canada,N
KEY,"",Key Airlines,KEY AIR,United States,N
KFA,"",Kelowna Flightcraft Air Charter,FLIGHTCRAFT,Canada,N
KJC,7B,Krasnojarsky Airlines,KRASNOJARSKY AIR,Russia,Y
KNE,XY,Nas Air,NAS EXPRESS,Saudi Arabia,Y
KNI,KD,KD Avia,KALININGRAD AIR,Russia,Y
KSA,"",K S Avia,SKY CAMEL,Latvia,N
KSS,"",Raytheon Travel Air,KANSAS,United States,N
KSU,"",Kansas State University,K-STATE,United States,N
LAU,"",L,SURAMERICANO,Colombia,N
LBI,"",Albisa,ALBISA,Mexico,N
LCB,"",LC Busre,BUSRE,Peru,N
LEM,"",Aleem,"",Egypt,N
LEN,"",Lentini Aviation,LENTINI,United States,N
LGW,HE,Luftfahrtgesellschaft Walter,WALTER,Germany,Y
LIA,LI,Leeward Islands Air Transport,LIAT,Antigua and Barbuda,Y
LIF,"",Rocky Mountain Holdings,LIFECARE,United States,N
LIX,C4,LionXpress,LIX,Cameroon,Y
LMM,LQ,LCM AIRLINES,"",Russia,Y
LPR,MJ,L,LAPA,Argentina,Y
LRO,"",Alrosa-Avia,ALROSA,Russia,N
LSY,"",Lindsay Aviation,LINDSAY AIR,United States,N
LUZ,"",Luzair,LISBON JET,Portugal,N
LVB,"",IRS Airlines,SILVERBIRD,Nigeria,N
LVG,LM,Livingston,LIVINGSTON,Italy,N
LXG,L8,Air Luxor GB,LUXOR GOLF,Guinea-Bissau,N
MDB,"",Monde Air Charters,MONDEAIR CARGO,United Kingdom,N
MDE,"",Mauritanienne De Transport Aerien,MAURI-TRANS,Mauritania,N
MEE,"",Elimediterranea,ELIMEDITERRANEA,Italy,N
MEL,"",Mega Linhas Aereas,MEGA AIR,Brazil,N
MES,XJ,Mesaba Airlines,MESABA,United States,Y
MFT,"",Multiflight,YORKAIR,"",N
MLH,"",Mahalo Air,MAHALO,United States,N
MNY,"",Mooney Aircraft Corporation,MOONEY FLIGHT,United States,N
MOS,"",Misr Overseas Airways,"",Egypt,N
MPI,"",Mosphil Aero,MOSPHIL,Philippines,N
MRE,"",Namibia Commerical Aviation,MED RESCUE,Namibia,N
MSA,"",Mistral Air,AIRMERCI,Italy,N
MTG,"",Servicios Aereos MTT,"",Mexico,N
MTR,"",Metroflight,METRO,United States,N
MVG,"",Moldova,MOLDOVA-STATE,Moldova,N
MXB,"",Mex Blue,MEX BLUE,Mexico,N
MYI,"",Mayair,MAYAIR,Mexico,N
MYW,"",My Way Airlines,FRANKY,Italy,N
NAT,"",North Atlantic Air Inc,MASS AIR,United States,N
NCP,"",Capital Airlines Limited,CAPITAL SHUTTLE,Nigeria,N
NDF,"",Namibian Defence Force,NAMIBIAN AIR FORCE,Namibia,N
NEC,"",Necon Air,NECON AIR,Nepal,N
NEL,"",Aero Servicios de Nuevo Laredo,AEROLAREDO,Mexico,N
NEN,"",North-East Airlines,NORTHEAST SWAN,Nigeria,N
NIN,"",Nurman Avia Indopura,NURVINDO,Indonesia,N
NRR,"",Natureair,NATUREAIR,Costa Rica,N
NRS,"",Atlantic Richfield Company,NORTH SLOPE,United States,N
NXT,"",National Express,NATIONAL FREIGHT,United States,N
OAC,"",Oriental Airlines,ORIENTAL AIR,Nigeria,N
OBS,"",Orbest,ORBEST,Portugal,Y
OLY,"",Olympic Aviation,OLAVIA,Greece,N
OMA,WY,Oman Air,OMAN AIR,Oman,Y
OPV,"",Operadora de Veulos Ejectutivos,OPERADORA DE VUELOS,Mexico,N
PCL,"",Pinnacle Air Group,PINNACLE GROUP,United States,N
PCX,"",Pacific Aviation (United States),"",United States,N
PDF,"",Pelican Air Services,PELICAN AIRWAYS,South Africa,N
PDY,"",Pen-Avia,PENDLEY,United Kingdom,N
PEA,"",Pan Europeenne Air Service,"",France,N
PEL,OT,Aeropelican Air Services,PELICAN,Australia,Y
PGF,"",Paragon Global Flight Support,"",United Kingdom,N
PHM,"",Petroleum Helicopters,PETROLEUM,United States,N
PHU,"",Pannon Air Service,PANNON,Hungary,N
PHV,"",Phenix Aviation,NEW BIRD,France,N
POL,"",Rikspolisstyrelsen,"",Sweden,N
PQA,"",Pacific Coast Airlines,SAGE BRUSH,United States,N
PRO,"",Propair,PROPAIR,Canada,N
PVI,"",Panavia,"",Panama,N
PVU,"",Peau Vava%Gʻ%@u,PEAU,Tonga,N
PYR,"",Pyramid Air Lines,PYAIR,Egypt,N
PZY,"",Zapolyarie Airlines,"",Russia,Y
QTX,"",Quantex Environmental,AIR QUANTEX,Canada,N
QWA,"",Qwestair,"",Australia,N
QXE,QX,Horizon Air,HORIZON AIR,United States,Y
RAE,YS,Régional,REGIONAL EUROPE,France,Y
RAS,"",Jim Ratliff Air Service,SHANHIL,United States,N
RCE,"",Aerocer,AEROCER,Mexico,N
RCK,F6,Faroejet,ROCKROSE,Faroe Islands,N
RDW,"",Valair AG (Helicoptere),ROADWATCH,Switzerland,N
REG,"",Regional Air Services,REGIONAL SERVICES,Tanzania,N
RFJ,RL,Royal Falcon,"",Jordan,Y
RFT,"",Scoala Superioara De Aviatie Civila,ROMANIAN ACADEMY,Romania,N
RIA,"",Rich International Airways,RICHAIR,United States,N
RJA,RJ,Royal Jordanian,JORDANIAN,Jordan,Y
RJS,"",Aeroservicios Jet,ASERJET,Mexico,N
RLE,C7,Rico Linhas A,RICO,Brazil,N
RLS,"",S-Air,S-AIRLINES,Russia,N
RMA,"",Rocky Mountain Airways,ROCKY MOUNTAIN,United States,N
RMV,"",Romavia,AEROMAVIA,Romania,N
RNB,"",Rosneft-Baltika,ROSBALT,Russia,N
RNE,20,Air Salone,AIR SALONE,Sierra Leone,Y
ROI,"",Avior Airlines,AVIOR,Venezuela,N
ROL,"",Aeroel Airways,AEROEL,Israel,N
RPB,P5,AeroRep,AEROREPUBLICA,Colombia,Y
RS1,R1,Royal Southern Airlines.,RSA,Colombia,N
RSA,"",Elisra Airlines,ESRA,Sudan,N
RSD,"",Russia State Transport,STATE AERO,Russia,Y
RSY,H5,I-Fly,RUSSIAN SKY,Russia,Y
RVL,"",Airvallee,AIR VALLEE,Italy,N
RYN,RD,Ryan International Airlines,RYAN INTERNATIONAL,United States,Y
SAG,"",SOS Flygambulans,MEDICAL AIR,Sweden,N
SCV,"",Servicios Aereos Del Centro,SACSA,Mexico,N
SDU,"",Sud Airlines,SUD LINES,France,N
SEI,"",Transportes Aereos Sierra Madre,TRANSPORTE SIERRA,Mexico,N
SFJ,7G,Star Flyer,STARFLYER,Japan,Y
SFP,"",Safe Air,SAFE AIR,Pakistan,N
SFR,FA,Safair,CARGO,South Africa,N
SHG,"",Shoprite Group,SHOP AIR,United Kingdom,N
SHN,"",Shaheen Airport Services,SUGAR ALFA,Pakistan,N
SHX,"",Slim Aviation Services,SLIM AIR,Nigeria,N
SHY,"",Sky Airlines,ANTALYA BIRD,Turkey,N
SIH,SI,Skynet Airlines,BLUEJET,Ireland,Y
SIW,"",Sirio Executive,SIRIO EXECUTIVE,Italy,N
SJS,76,Southjet,"",United States,Y
SKC,"",Skymaster Air Lines,SKYMASTER AIR,United States,N
SLP,"",Salpa Aviation,SALPA,Sudan,N
SLX,"",Sete Linhas Aereas,SETE,Brazil,N
SMT,"",Skyline,SKYLIMIT,Nigeria,N
SOR,"",Sonair Servico Aereo,SONAIR,Angola,N
SOW,"",Sowind Air,SOWIND,Canada,N
SPL,"",Servicios Corporativos Aereos De La Laguna,CORPORATIVOS LAGUNA,Mexico,N
SPS,"",SPASA,SALDUERO,Spain,N
SRN,"",Sprintair,"",Poland,Y
SRW,"",Sarit Airlines,SARIA,Sudan,N
STE,"",Semitool Europe,SEMITRANS,United Kingdom,N
STV,"",Southern Aviation,SOUTHERN AVIATION,Ghana,N
SUD,SD,Sudan Airways,SUDANAIR,Sudan,Y
SUE,"",Aerolineas Del Sureste,AEROSURESTE,Mexico,N
SVF,"",Swedish Armed Forces,SWEDEFORCE,Sweden,N
SVG,"",SVG Air,Grenadines,Saint Vincent and the Grenadines,Y
SVT,"",Seven Four Eight Air Services,SIERRA SERVICES,Luxembourg,N
SWQ,"",Swift Air (Interstate Equipment Leasing),SWIFTFLIGHT,United States,N
SWV,WV,Swe Fly,FLYING SWEDE,Sweden,Y
SXX,"",Satellite Aero,SATELLITE EXPRESS,United States,N
TAS,"",Lotus Air,LOTUS FLOWER,Egypt,N
TCF,S5,Shuttle America,MERCURY,United States,Y
TDK,"",Transavia Denmark,"",Denmark,Y
TDT,"",Atlas Helicopters,TRIDENT,United Kingdom,N
TFA,"",Trans-Florida Airlines,TRANS FLORIDA,United States,N
TGI,"",Transportes Aereos Regionales,TRANSPORTE REGIONAL,Mexico,N
TKX,"",Tropical International Airways,TROPEXPRESS,Saint Kitts and Nevis,N
TLF,"",Transport Africa,TRANS-LEONE,Sierra Leone,N
TLR,"",Air Libya Tibesti,AIR LIBYA,Libya,N
TNF,"",Transafricaine,TRANSFAS,Burkina Faso,N
TNG,"",Tennessee Air National Guard 164th Airlift Group,"",United States,N
TNX,"",Trener Ltd,TRAINER,Hungary,N
TOJ,"",TOJ Airlines,TOJ AIRLINE,Tajikistan,N
TPM,"",Transpais Aereo,TRANSPAIS,Mexico,N
TRB,"",Ukraine Transavia,KIROVTRANS,Ukraine,N
TSA,"",Transair France,AIRTRAF,France,N
TSJ,S5,Trast Aero,TRAST AERO,Kyrgyzstan,N
TSS,"",Tri-State Aero,TRI-STATE,United States,N
TTR,"",Transportaciones Y Servicios Aereos,TRANSPORTACIONES,Mexico,N
TUL,"",Tulpar Air,URSAL,Russia,N
TUN,"",Air Tungaru,TUNGARU,Kiribati,N
TWD,"",Turkish Wings Domestic,TWD,Turkey,Y
TXC,AL,Transaviaexport,TRANSEXPORT,Belarus,N
TXP,XS,Texas Spirit,"",United States,N
TYR,VO,Tyrolean Airways,TYROLEAN,Austria,Y
UAG,"",Afra Airlines,AFRALINE,Ghana,N
UGN,"",Yuzhnaya Aircompany,PLUTON,Kazakhstan,N
UKW,5V,Lviv Airlines,UKRAINE WEST,Ukraine,N
ULA,OD,Zuliana de Aviacion,"",Venezuela,N
UMS,"",Unitemp-M,TOPAZ,Russia,N
USF,"",USAfrica Airways,AFRICA EXPRESS,United States,N
UVT,"",Auvia Air,AUVIA,Indonesia,N
VBI,DJ,Virgin Blue,BLUEY,Australia,N
VES,"",Vieques Air Link,VIEQUES,United States,N
VIB,"",Vibroair Flugservice,VITUS,Germany,N
VIM,VL,Air VIA,"",Bulgaria,Y
VIS,"",Vision Air International,"",Pakistan,Y
VJC,"",VietJet Air,VIETJETAIR,Vietnam,Y
VLN,"",Valan Limited,VALAN,Moldova,N
VNE,"",Empresa Venezolana,VENEZOLANA,Venezuela,N
VNT,"",Avient Air Zambia,AVIENT,Zambia,N
VOS,"",Rovos Air,ROVOS,South Africa,N
VPP,"",Vintage Props and Jets,VINTAGE,United States,N
VRB,"",Silverback Cargo Freighters,SILVERBACK,Rwanda,N
VRE,"",Volare Airlines,UKRAINE VOLARE,Ukraine,N
VRS,"",Sirvair,VAIRSA,Mexico,N
VSB,"",Vickers Limited,VICKERS,United Kingdom,N
VTY,"",Air Midwest,VICTORY,Nigeria,N
WCG,"",West Coast Airlines,WHISKY INDIA,Ghana,N
WDA,"",Wimbi Dira Airways,WIMBI DIRA,Democratic Republic of Congo,N
WDL,"",WDL Aviation,WDL,Germany,N
WEA,"",White Eagle Aviation,WHITE EAGLE,Poland,N
WLR,"",Air Walser,AIRWALSER,Italy,N
WOW,"",Air Southwest,SWALLOW,United Kingdom,Y
WTF,"",West African Air Transport,WESTAF AIRTRANS,Senegal,N
WTV,"",Western Aviators,WESTAVIA,United States,N
WWM,"",World Wing Aviation,MANAS WING,Kyrgyzstan,N
XAU,XA,XAIR USA,XAIR,United States,Y
XCO,"",Compuflight Operations Service,"",United States,N
YZZ,YZ,LSM AIRLINES ,Moscow frog ,Russia,Y
